kernel_name,event_type,event_name,dur(us)
"layer_norm_(1,64,128,128)",main,jit_kernel_with_params(5037675956989879286),40.177143
"layer_norm_(1,64,128,128)",main,jit_kernel_with_params(5037675956989879286),40.078571
"layer_norm_(1,64,128,128)",main,jit_kernel_with_params(5037675956989879286),40.125714
"layer_norm_(1,64,128,128)",sub,reduce-window.7,40.098661
"layer_norm_(1,64,128,128)",sub,reduce-window.7,40.001429
"layer_norm_(1,64,128,128)",sub,reduce-window.7,40.047232
"layer_norm_(1,64,128,256)",main,jit_kernel_with_params(16345970734606984438),49.58
"layer_norm_(1,64,128,256)",main,jit_kernel_with_params(16345970734606984438),49.575714
"layer_norm_(1,64,128,256)",main,jit_kernel_with_params(16345970734606984438),49.725803
"layer_norm_(1,64,128,256)",sub,reduce-window.7,49.502768
"layer_norm_(1,64,128,256)",sub,reduce-window.7,49.497143
"layer_norm_(1,64,128,256)",sub,reduce-window.7,49.648571
"layer_norm_(1,64,128,384)",main,jit_kernel_with_params(15464653568865437492),79.302768
"layer_norm_(1,64,128,384)",main,jit_kernel_with_params(15464653568865437492),79.308571
"layer_norm_(1,64,128,384)",main,jit_kernel_with_params(15464653568865437492),79.308572
"layer_norm_(1,64,128,384)",sub,reduce-window.7,79.222946
"layer_norm_(1,64,128,384)",sub,reduce-window.7,79.231339
"layer_norm_(1,64,128,384)",sub,reduce-window.7,79.23009
"layer_norm_(1,64,128,512)",main,jit_kernel_with_params(7547551235841932771),95.277053
"layer_norm_(1,64,128,512)",main,jit_kernel_with_params(7547551235841932771),95.168483
"layer_norm_(1,64,128,512)",main,jit_kernel_with_params(7547551235841932771),95.167143
"layer_norm_(1,64,128,512)",sub,reduce-window.7,95.197232
"layer_norm_(1,64,128,512)",sub,reduce-window.7,95.088661
"layer_norm_(1,64,128,512)",sub,reduce-window.7,95.088571
"layer_norm_(1,64,128,640)",main,jit_kernel_with_params(12088045507792209880),119.081428
"layer_norm_(1,64,128,640)",main,jit_kernel_with_params(12088045507792209880),118.855714
"layer_norm_(1,64,128,640)",main,jit_kernel_with_params(12088045507792209880),119.104196
"layer_norm_(1,64,128,640)",sub,reduce-window.7,119.002857
"layer_norm_(1,64,128,640)",sub,reduce-window.7,118.777143
"layer_norm_(1,64,128,640)",sub,reduce-window.7,119.025715
"layer_norm_(1,64,128,768)",main,jit_kernel_with_params(8259708196671464299),140.368571
"layer_norm_(1,64,128,768)",main,jit_kernel_with_params(8259708196671464299),139.977054
"layer_norm_(1,64,128,768)",main,jit_kernel_with_params(8259708196671464299),139.974286
"layer_norm_(1,64,128,768)",sub,reduce-window.7,140.290089
"layer_norm_(1,64,128,768)",sub,reduce-window.7,139.897233
"layer_norm_(1,64,128,768)",sub,reduce-window.7,139.897054
"layer_norm_(1,64,128,896)",main,jit_kernel_with_params(15655211149552034834),161.611429
"layer_norm_(1,64,128,896)",main,jit_kernel_with_params(15655211149552034834),161.85
"layer_norm_(1,64,128,896)",main,jit_kernel_with_params(15655211149552034834),161.625804
"layer_norm_(1,64,128,896)",sub,reduce-window.7,161.532858
"layer_norm_(1,64,128,896)",sub,reduce-window.7,161.772857
"layer_norm_(1,64,128,896)",sub,reduce-window.7,161.548572
"layer_norm_(1,64,128,1024)",main,jit_kernel_with_params(4990647984394902483),183.951518
"layer_norm_(1,64,128,1024)",main,jit_kernel_with_params(4990647984394902483),183.935803
"layer_norm_(1,64,128,1024)",main,jit_kernel_with_params(4990647984394902483),183.931428
"layer_norm_(1,64,128,1024)",sub,reduce-window.7,183.874286
"layer_norm_(1,64,128,1024)",sub,reduce-window.7,183.858482
"layer_norm_(1,64,128,1024)",sub,reduce-window.7,183.852946
"layer_norm_(1,64,256,128)",main,jit_kernel_with_params(12850943572665355882),69.995714
"layer_norm_(1,64,256,128)",main,jit_kernel_with_params(12850943572665355882),70.399911
"layer_norm_(1,64,256,128)",main,jit_kernel_with_params(12850943572665355882),69.985625
"layer_norm_(1,64,256,128)",sub,copy,20.694286
"layer_norm_(1,64,256,128)",sub,reduce-window.7,49.222857
"layer_norm_(1,64,256,128)",sub,copy,21.094375
"layer_norm_(1,64,256,128)",sub,reduce-window.7,49.224375
"layer_norm_(1,64,256,128)",sub,copy,20.681428
"layer_norm_(1,64,256,128)",sub,reduce-window.7,49.222946
"layer_norm_(1,64,256,256)",main,jit_kernel_with_params(5363164268700889232),96.168572
"layer_norm_(1,64,256,256)",main,jit_kernel_with_params(5363164268700889232),96.17
"layer_norm_(1,64,256,256)",main,jit_kernel_with_params(5363164268700889232),96.16991
"layer_norm_(1,64,256,256)",sub,reduce-window.7,96.09009
"layer_norm_(1,64,256,256)",sub,reduce-window.7,96.092857
"layer_norm_(1,64,256,256)",sub,reduce-window.7,96.091429
"layer_norm_(1,64,256,384)",main,jit_kernel_with_params(12043593181091666866),194.824285
"layer_norm_(1,64,256,384)",main,jit_kernel_with_params(12043593181091666866),195.228572
"layer_norm_(1,64,256,384)",main,jit_kernel_with_params(12043593181091666866),194.85
"layer_norm_(1,64,256,384)",sub,copy,54.85866
"layer_norm_(1,64,256,384)",sub,reduce-window.7,139.887143
"layer_norm_(1,64,256,384)",sub,copy,55.262946
"layer_norm_(1,64,256,384)",sub,reduce-window.7,139.885715
"layer_norm_(1,64,256,384)",sub,copy,54.881339
"layer_norm_(1,64,256,384)",sub,reduce-window.7,139.88866
"layer_norm_(1,64,256,512)",main,jit_kernel_with_params(15387302923376142998),184.091429
"layer_norm_(1,64,256,512)",main,jit_kernel_with_params(15387302923376142998),183.808571
"layer_norm_(1,64,256,512)",main,jit_kernel_with_params(15387302923376142998),183.814286
"layer_norm_(1,64,256,512)",sub,reduce-window.7,184.012857
"layer_norm_(1,64,256,512)",sub,reduce-window.7,183.73
"layer_norm_(1,64,256,512)",sub,reduce-window.7,183.735715
"layer_norm_(1,64,256,640)",main,jit_kernel_with_params(12883513651960158945),315.178661
"layer_norm_(1,64,256,640)",main,jit_kernel_with_params(12883513651960158945),315.14
"layer_norm_(1,64,256,640)",main,jit_kernel_with_params(12883513651960158945),314.875804
"layer_norm_(1,64,256,640)",sub,copy,89.48
"layer_norm_(1,64,256,640)",sub,reduce-window.7,225.62
"layer_norm_(1,64,256,640)",sub,copy,89.431518
"layer_norm_(1,64,256,640)",sub,reduce-window.7,225.628571
"layer_norm_(1,64,256,640)",sub,copy,89.182858
"layer_norm_(1,64,256,640)",sub,reduce-window.7,225.614286
"layer_norm_(1,64,256,768)",main,jit_kernel_with_params(11315622182058059458),275.6
"layer_norm_(1,64,256,768)",main,jit_kernel_with_params(11315622182058059458),275.6
"layer_norm_(1,64,256,768)",main,jit_kernel_with_params(11315622182058059458),275.872857
"layer_norm_(1,64,256,768)",sub,reduce-window.7,275.521429
"layer_norm_(1,64,256,768)",sub,reduce-window.7,275.521429
"layer_norm_(1,64,256,768)",sub,reduce-window.7,275.795714
"layer_norm_(1,64,256,896)",main,jit_kernel_with_params(14444075971499725859),447.298572
"layer_norm_(1,64,256,896)",main,jit_kernel_with_params(14444075971499725859),447.201429
"layer_norm_(1,64,256,896)",main,jit_kernel_with_params(14444075971499725859),447.235625
"layer_norm_(1,64,256,896)",sub,copy,128.428572
"layer_norm_(1,64,256,896)",sub,reduce-window.7,318.791429
"layer_norm_(1,64,256,896)",sub,copy,128.330089
"layer_norm_(1,64,256,896)",sub,reduce-window.7,318.792857
"layer_norm_(1,64,256,896)",sub,copy,128.367143
"layer_norm_(1,64,256,896)",sub,reduce-window.7,318.788571
"layer_norm_(1,64,256,1024)",main,jit_kernel_with_params(5663316434328946764),367.147143
"layer_norm_(1,64,256,1024)",main,jit_kernel_with_params(5663316434328946764),367.23866
"layer_norm_(1,64,256,1024)",main,jit_kernel_with_params(5663316434328946764),367.442857
"layer_norm_(1,64,256,1024)",sub,reduce-window.7,367.068572
"layer_norm_(1,64,256,1024)",sub,reduce-window.7,367.161339
"layer_norm_(1,64,256,1024)",sub,reduce-window.7,367.365625
"layer_norm_(1,64,384,128)",main,jit_kernel_with_params(14147553892800898644),108.282768
"layer_norm_(1,64,384,128)",main,jit_kernel_with_params(14147553892800898644),108.058572
"layer_norm_(1,64,384,128)",main,jit_kernel_with_params(14147553892800898644),107.948483
"layer_norm_(1,64,384,128)",sub,copy,29.261428
"layer_norm_(1,64,384,128)",sub,reduce-window.7,78.940089
"layer_norm_(1,64,384,128)",sub,copy,29.035803
"layer_norm_(1,64,384,128)",sub,reduce-window.7,78.944286
"layer_norm_(1,64,384,128)",sub,copy,28.925803
"layer_norm_(1,64,384,128)",sub,reduce-window.7,78.941518
"layer_norm_(1,64,384,256)",main,jit_kernel_with_params(3246316905375653275),140.27
"layer_norm_(1,64,384,256)",main,jit_kernel_with_params(3246316905375653275),140.601428
"layer_norm_(1,64,384,256)",main,jit_kernel_with_params(3246316905375653275),140.272947
"layer_norm_(1,64,384,256)",sub,reduce-window.7,140.192857
"layer_norm_(1,64,384,256)",sub,reduce-window.7,140.522857
"layer_norm_(1,64,384,256)",sub,reduce-window.7,140.195625
"layer_norm_(1,64,384,384)",main,jit_kernel_with_params(2126707893558525154),216.658571
"layer_norm_(1,64,384,384)",main,jit_kernel_with_params(2126707893558525154),216.945625
"layer_norm_(1,64,384,384)",main,jit_kernel_with_params(2126707893558525154),217.06
"layer_norm_(1,64,384,384)",sub,reduce-window.7,216.581429
"layer_norm_(1,64,384,384)",sub,reduce-window.7,216.865803
"layer_norm_(1,64,384,384)",sub,reduce-window.7,216.982768
"layer_norm_(1,64,384,512)",main,jit_kernel_with_params(15454886126010588051),276.242857
"layer_norm_(1,64,384,512)",main,jit_kernel_with_params(15454886126010588051),276.52009
"layer_norm_(1,64,384,512)",main,jit_kernel_with_params(15454886126010588051),276.427232
"layer_norm_(1,64,384,512)",sub,reduce-window.7,276.164285
"layer_norm_(1,64,384,512)",sub,reduce-window.7,276.442858
"layer_norm_(1,64,384,512)",sub,reduce-window.7,276.349911
"layer_norm_(1,64,384,640)",main,jit_kernel_with_params(1175544163603428756),357.344286
"layer_norm_(1,64,384,640)",main,jit_kernel_with_params(1175544163603428756),357.61991
"layer_norm_(1,64,384,640)",main,jit_kernel_with_params(1175544163603428756),357.594286
"layer_norm_(1,64,384,640)",sub,reduce-window.7,357.267142
"layer_norm_(1,64,384,640)",sub,reduce-window.7,357.540089
"layer_norm_(1,64,384,640)",sub,reduce-window.7,357.515804
"layer_norm_(1,64,384,768)",main,jit_kernel_with_params(2656067945495688022),408.998482
"layer_norm_(1,64,384,768)",main,jit_kernel_with_params(2656067945495688022),408.745625
"layer_norm_(1,64,384,768)",main,jit_kernel_with_params(2656067945495688022),408.821429
"layer_norm_(1,64,384,768)",sub,reduce-window.7,408.92
"layer_norm_(1,64,384,768)",sub,reduce-window.7,408.665804
"layer_norm_(1,64,384,768)",sub,reduce-window.7,408.742857
"layer_norm_(1,64,384,896)",main,jit_kernel_with_params(6833059207348123504),494.280089
"layer_norm_(1,64,384,896)",main,jit_kernel_with_params(6833059207348123504),493.872768
"layer_norm_(1,64,384,896)",main,jit_kernel_with_params(6833059207348123504),494.207143
"layer_norm_(1,64,384,896)",sub,reduce-window.7,494.202857
"layer_norm_(1,64,384,896)",sub,reduce-window.7,493.794285
"layer_norm_(1,64,384,896)",sub,reduce-window.7,494.13
"layer_norm_(1,64,384,1024)",main,jit_kernel_with_params(16100179597791919060),548.954286
"layer_norm_(1,64,384,1024)",main,jit_kernel_with_params(16100179597791919060),548.884286
"layer_norm_(1,64,384,1024)",main,jit_kernel_with_params(16100179597791919060),548.885625
"layer_norm_(1,64,384,1024)",sub,reduce-window.7,548.877054
"layer_norm_(1,64,384,1024)",sub,reduce-window.7,548.807143
"layer_norm_(1,64,384,1024)",sub,reduce-window.7,548.805804
"layer_norm_(1,64,512,128)",main,jit_kernel_with_params(7167975223316114578),133.511518
"layer_norm_(1,64,512,128)",main,jit_kernel_with_params(7167975223316114578),133.654375
"layer_norm_(1,64,512,128)",main,jit_kernel_with_params(7167975223316114578),133.620089
"layer_norm_(1,64,512,128)",sub,copy,38.63
"layer_norm_(1,64,512,128)",sub,reduce-window.7,94.804196
"layer_norm_(1,64,512,128)",sub,copy,38.772946
"layer_norm_(1,64,512,128)",sub,reduce-window.7,94.802857
"layer_norm_(1,64,512,128)",sub,copy,38.735714
"layer_norm_(1,64,512,128)",sub,reduce-window.7,94.807053
"layer_norm_(1,64,512,256)",main,jit_kernel_with_params(6166783019709199565),182.308482
"layer_norm_(1,64,512,256)",main,jit_kernel_with_params(6166783019709199565),182.315804
"layer_norm_(1,64,512,256)",main,jit_kernel_with_params(6166783019709199565),182.61134
"layer_norm_(1,64,512,256)",sub,reduce-window.7,182.228661
"layer_norm_(1,64,512,256)",sub,reduce-window.7,182.238482
"layer_norm_(1,64,512,256)",sub,reduce-window.7,182.531518
"layer_norm_(1,64,512,384)",main,jit_kernel_with_params(14072043544113681591),382.532947
"layer_norm_(1,64,512,384)",main,jit_kernel_with_params(14072043544113681591),382.907143
"layer_norm_(1,64,512,384)",main,jit_kernel_with_params(14072043544113681591),382.742767
"layer_norm_(1,64,512,384)",sub,copy,106.682768
"layer_norm_(1,64,512,384)",sub,reduce-window.7,275.772768
"layer_norm_(1,64,512,384)",sub,copy,107.062857
"layer_norm_(1,64,512,384)",sub,reduce-window.7,275.765714
"layer_norm_(1,64,512,384)",sub,copy,106.892857
"layer_norm_(1,64,512,384)",sub,reduce-window.7,275.76866
"layer_norm_(1,64,512,512)",main,jit_kernel_with_params(15772040310955795509),366.49009
"layer_norm_(1,64,512,512)",main,jit_kernel_with_params(15772040310955795509),366.751339
"layer_norm_(1,64,512,512)",main,jit_kernel_with_params(15772040310955795509),366.495625
"layer_norm_(1,64,512,512)",sub,reduce-window.7,366.412768
"layer_norm_(1,64,512,512)",sub,reduce-window.7,366.671518
"layer_norm_(1,64,512,512)",sub,reduce-window.7,366.417143
"layer_norm_(1,64,512,640)",main,jit_kernel_with_params(12925562883060368197),632.972858
"layer_norm_(1,64,512,640)",main,jit_kernel_with_params(12925562883060368197),632.678572
"layer_norm_(1,64,512,640)",main,jit_kernel_with_params(12925562883060368197),632.670089
"layer_norm_(1,64,512,640)",sub,copy,176.027053
"layer_norm_(1,64,512,640)",sub,reduce-window.7,456.865804
"layer_norm_(1,64,512,640)",sub,copy,175.732767
"layer_norm_(1,64,512,640)",sub,reduce-window.7,456.865804
"layer_norm_(1,64,512,640)",sub,copy,175.725625
"layer_norm_(1,64,512,640)",sub,reduce-window.7,456.867053
"layer_norm_(1,64,512,768)",main,jit_kernel_with_params(11889694701794781047),549.124375
"layer_norm_(1,64,512,768)",main,jit_kernel_with_params(11889694701794781047),548.988482
"layer_norm_(1,64,512,768)",main,jit_kernel_with_params(11889694701794781047),548.987143
"layer_norm_(1,64,512,768)",sub,reduce-window.7,549.047054
"layer_norm_(1,64,512,768)",sub,reduce-window.7,548.908661
"layer_norm_(1,64,512,768)",sub,reduce-window.7,548.91
"layer_norm_(1,64,512,896)",main,jit_kernel_with_params(12639769195094926294),893.122947
"layer_norm_(1,64,512,896)",main,jit_kernel_with_params(12639769195094926294),892.902768
"layer_norm_(1,64,512,896)",main,jit_kernel_with_params(12639769195094926294),893.155804
"layer_norm_(1,64,512,896)",sub,copy,253.254285
"layer_norm_(1,64,512,896)",sub,reduce-window.7,639.79
"layer_norm_(1,64,512,896)",sub,copy,253.038571
"layer_norm_(1,64,512,896)",sub,reduce-window.7,639.782946
"layer_norm_(1,64,512,896)",sub,copy,253.292768
"layer_norm_(1,64,512,896)",sub,reduce-window.7,639.784286
"layer_norm_(1,64,512,1024)",main,jit_kernel_with_params(13143236377126803585),734.26
"layer_norm_(1,64,512,1024)",main,jit_kernel_with_params(13143236377126803585),734.257054
"layer_norm_(1,64,512,1024)",main,jit_kernel_with_params(13143236377126803585),734.268571
"layer_norm_(1,64,512,1024)",sub,reduce-window.7,734.181429
"layer_norm_(1,64,512,1024)",sub,reduce-window.7,734.177232
"layer_norm_(1,64,512,1024)",sub,reduce-window.7,734.19
"layer_norm_(1,64,640,128)",main,jit_kernel_with_params(13667043397976955761),164.521518
"layer_norm_(1,64,640,128)",main,jit_kernel_with_params(13667043397976955761),164.808572
"layer_norm_(1,64,640,128)",main,jit_kernel_with_params(13667043397976955761),164.858572
"layer_norm_(1,64,640,128)",sub,copy,45.961339
"layer_norm_(1,64,640,128)",sub,reduce-window.7,118.481428
"layer_norm_(1,64,640,128)",sub,copy,46.245714
"layer_norm_(1,64,640,128)",sub,reduce-window.7,118.484197
"layer_norm_(1,64,640,128)",sub,copy,46.295804
"layer_norm_(1,64,640,128)",sub,reduce-window.7,118.484286
"layer_norm_(1,64,640,256)",main,jit_kernel_with_params(463899028153837780),226.114196
"layer_norm_(1,64,640,256)",main,jit_kernel_with_params(463899028153837780),226.068482
"layer_norm_(1,64,640,256)",main,jit_kernel_with_params(463899028153837780),226.074375
"layer_norm_(1,64,640,256)",sub,reduce-window.7,226.034375
"layer_norm_(1,64,640,256)",sub,reduce-window.7,225.98866
"layer_norm_(1,64,640,256)",sub,reduce-window.7,225.997143
"layer_norm_(1,64,640,384)",main,jit_kernel_with_params(12859087596311472770),489.814286
"layer_norm_(1,64,640,384)",main,jit_kernel_with_params(12859087596311472770),489.66
"layer_norm_(1,64,640,384)",main,jit_kernel_with_params(12859087596311472770),489.685625
"layer_norm_(1,64,640,384)",sub,copy,132.924286
"layer_norm_(1,64,640,384)",sub,reduce-window.7,356.811429
"layer_norm_(1,64,640,384)",sub,copy,132.772768
"layer_norm_(1,64,640,384)",sub,reduce-window.7,356.808572
"layer_norm_(1,64,640,384)",sub,copy,132.794285
"layer_norm_(1,64,640,384)",sub,reduce-window.7,356.811428
"layer_norm_(1,64,640,512)",main,jit_kernel_with_params(2234221494339413331),457.52991
"layer_norm_(1,64,640,512)",main,jit_kernel_with_params(2234221494339413331),457.49
"layer_norm_(1,64,640,512)",main,jit_kernel_with_params(2234221494339413331),457.747143
"layer_norm_(1,64,640,512)",sub,reduce-window.7,457.451429
"layer_norm_(1,64,640,512)",sub,reduce-window.7,457.411429
"layer_norm_(1,64,640,512)",sub,reduce-window.7,457.67
"layer_norm_(1,64,640,640)",main,jit_kernel_with_params(17851509667763357516),599.060089
"layer_norm_(1,64,640,640)",main,jit_kernel_with_params(17851509667763357516),599.061429
"layer_norm_(1,64,640,640)",main,jit_kernel_with_params(17851509667763357516),599.045715
"layer_norm_(1,64,640,640)",sub,reduce-window.7,598.982857
"layer_norm_(1,64,640,640)",sub,reduce-window.7,598.982857
"layer_norm_(1,64,640,640)",sub,reduce-window.7,598.967143
"layer_norm_(1,64,640,768)",main,jit_kernel_with_params(12747553654475634098),686.541429
"layer_norm_(1,64,640,768)",main,jit_kernel_with_params(12747553654475634098),686.585715
"layer_norm_(1,64,640,768)",main,jit_kernel_with_params(12747553654475634098),686.975714
"layer_norm_(1,64,640,768)",sub,reduce-window.7,686.462858
"layer_norm_(1,64,640,768)",sub,reduce-window.7,686.507143
"layer_norm_(1,64,640,768)",sub,reduce-window.7,686.898571
"layer_norm_(1,64,640,896)",main,jit_kernel_with_params(10777813687654837346),831.862946
"layer_norm_(1,64,640,896)",main,jit_kernel_with_params(10777813687654837346),831.851339
"layer_norm_(1,64,640,896)",main,jit_kernel_with_params(10777813687654837346),831.86
"layer_norm_(1,64,640,896)",sub,reduce-window.7,831.785714
"layer_norm_(1,64,640,896)",sub,reduce-window.7,831.771518
"layer_norm_(1,64,640,896)",sub,reduce-window.7,831.782768
"layer_norm_(1,64,640,1024)",main,jit_kernel_with_params(3008485775262955476),921.822857
"layer_norm_(1,64,640,1024)",main,jit_kernel_with_params(3008485775262955476),921.991428
"layer_norm_(1,64,640,1024)",main,jit_kernel_with_params(3008485775262955476),921.821428
"layer_norm_(1,64,640,1024)",sub,reduce-window.7,921.744286
"layer_norm_(1,64,640,1024)",sub,reduce-window.7,921.912946
"layer_norm_(1,64,640,1024)",sub,reduce-window.7,921.742857
"layer_norm_(1,64,768,128)",main,jit_kernel_with_params(1993176588130225985),194.672946
"layer_norm_(1,64,768,128)",main,jit_kernel_with_params(1993176588130225985),194.515714
"layer_norm_(1,64,768,128)",main,jit_kernel_with_params(1993176588130225985),194.597143
"layer_norm_(1,64,768,128)",sub,copy,55.012768
"layer_norm_(1,64,768,128)",sub,reduce-window.7,139.581428
"layer_norm_(1,64,768,128)",sub,copy,54.858571
"layer_norm_(1,64,768,128)",sub,reduce-window.7,139.579911
"layer_norm_(1,64,768,128)",sub,copy,54.938572
"layer_norm_(1,64,768,128)",sub,reduce-window.7,139.58
"layer_norm_(1,64,768,256)",main,jit_kernel_with_params(6345111466506275970),271.722946
"layer_norm_(1,64,768,256)",main,jit_kernel_with_params(6345111466506275970),271.435714
"layer_norm_(1,64,768,256)",main,jit_kernel_with_params(6345111466506275970),271.417142
"layer_norm_(1,64,768,256)",sub,reduce-window.7,271.645714
"layer_norm_(1,64,768,256)",sub,reduce-window.7,271.357143
"layer_norm_(1,64,768,256)",sub,reduce-window.7,271.338571
"layer_norm_(1,64,768,384)",main,jit_kernel_with_params(17765013728136712646),566.737143
"layer_norm_(1,64,768,384)",main,jit_kernel_with_params(17765013728136712646),567.175714
"layer_norm_(1,64,768,384)",main,jit_kernel_with_params(17765013728136712646),567.012858
"layer_norm_(1,64,768,384)",sub,copy,158.671428
"layer_norm_(1,64,768,384)",sub,reduce-window.7,407.987143
"layer_norm_(1,64,768,384)",sub,copy,159.105715
"layer_norm_(1,64,768,384)",sub,reduce-window.7,407.991429
"layer_norm_(1,64,768,384)",sub,copy,158.934196
"layer_norm_(1,64,768,384)",sub,reduce-window.7,408.0
"layer_norm_(1,64,768,512)",main,jit_kernel_with_params(2420984066975831761),548.171339
"layer_norm_(1,64,768,512)",main,jit_kernel_with_params(2420984066975831761),548.218482
"layer_norm_(1,64,768,512)",main,jit_kernel_with_params(2420984066975831761),547.945715
"layer_norm_(1,64,768,512)",sub,reduce-window.7,548.091518
"layer_norm_(1,64,768,512)",sub,reduce-window.7,548.14
"layer_norm_(1,64,768,512)",sub,reduce-window.7,547.867143
"layer_norm_(1,64,768,640)",main,jit_kernel_with_params(16864638044453860181),948.758571
"layer_norm_(1,64,768,640)",main,jit_kernel_with_params(16864638044453860181),948.688571
"layer_norm_(1,64,768,640)",main,jit_kernel_with_params(16864638044453860181),948.751339
"layer_norm_(1,64,768,640)",sub,copy,262.88
"layer_norm_(1,64,768,640)",sub,reduce-window.7,685.79866
"layer_norm_(1,64,768,640)",sub,copy,262.82
"layer_norm_(1,64,768,640)",sub,reduce-window.7,685.78866
"layer_norm_(1,64,768,640)",sub,copy,262.882946
"layer_norm_(1,64,768,640)",sub,reduce-window.7,685.787232
"layer_norm_(1,64,768,768)",main,jit_kernel_with_params(4758387035870871835),829.098661
"layer_norm_(1,64,768,768)",main,jit_kernel_with_params(4758387035870871835),829.191428
"layer_norm_(1,64,768,768)",main,jit_kernel_with_params(4758387035870871835),829.192947
"layer_norm_(1,64,768,768)",sub,reduce-window.7,829.021339
"layer_norm_(1,64,768,768)",sub,reduce-window.7,829.112857
"layer_norm_(1,64,768,768)",sub,reduce-window.7,829.115625
"layer_norm_(1,64,768,896)",main,jit_kernel_with_params(14257638285964582633),2046.508571
"layer_norm_(1,64,768,896)",main,jit_kernel_with_params(14257638285964582633),2046.695804
"layer_norm_(1,64,768,896)",main,jit_kernel_with_params(14257638285964582633),2046.738571
"layer_norm_(1,64,768,896)",sub,copy,366.341428
"layer_norm_(1,64,768,896)",sub,reduce-window.7,1680.088571
"layer_norm_(1,64,768,896)",sub,copy,366.537053
"layer_norm_(1,64,768,896)",sub,reduce-window.7,1680.08134
"layer_norm_(1,64,768,896)",sub,copy,366.555714
"layer_norm_(1,64,768,896)",sub,reduce-window.7,1680.105625
"layer_norm_(1,64,768,1024)",main,jit_kernel_with_params(11783203511518759450),1103.254375
"layer_norm_(1,64,768,1024)",main,jit_kernel_with_params(11783203511518759450),1103.267143
"layer_norm_(1,64,768,1024)",main,jit_kernel_with_params(11783203511518759450),1103.257143
"layer_norm_(1,64,768,1024)",sub,reduce-window.7,1103.177143
"layer_norm_(1,64,768,1024)",sub,reduce-window.7,1103.188571
"layer_norm_(1,64,768,1024)",sub,reduce-window.7,1103.178661
"layer_norm_(1,64,896,128)",main,jit_kernel_with_params(873271667773852432),226.674375
"layer_norm_(1,64,896,128)",main,jit_kernel_with_params(873271667773852432),226.788571
"layer_norm_(1,64,896,128)",main,jit_kernel_with_params(873271667773852432),226.685714
"layer_norm_(1,64,896,128)",sub,copy,65.401518
"layer_norm_(1,64,896,128)",sub,reduce-window.7,161.194286
"layer_norm_(1,64,896,128)",sub,copy,65.52
"layer_norm_(1,64,896,128)",sub,reduce-window.7,161.19
"layer_norm_(1,64,896,128)",sub,copy,65.414197
"layer_norm_(1,64,896,128)",sub,reduce-window.7,161.194197
"layer_norm_(1,64,896,256)",main,jit_kernel_with_params(7455106067617931502),319.294196
"layer_norm_(1,64,896,256)",main,jit_kernel_with_params(7455106067617931502),319.628661
"layer_norm_(1,64,896,256)",main,jit_kernel_with_params(7455106067617931502),319.3
"layer_norm_(1,64,896,256)",sub,reduce-window.7,319.214375
"layer_norm_(1,64,896,256)",sub,reduce-window.7,319.551428
"layer_norm_(1,64,896,256)",sub,reduce-window.7,319.222768
"layer_norm_(1,64,896,384)",main,jit_kernel_with_params(5566942126512873663),678.397143
"layer_norm_(1,64,896,384)",main,jit_kernel_with_params(5566942126512873663),677.92991
"layer_norm_(1,64,896,384)",main,jit_kernel_with_params(5566942126512873663),678.198571
"layer_norm_(1,64,896,384)",sub,copy,185.081518
"layer_norm_(1,64,896,384)",sub,reduce-window.7,493.235804
"layer_norm_(1,64,896,384)",sub,copy,184.611429
"layer_norm_(1,64,896,384)",sub,reduce-window.7,493.239911
"layer_norm_(1,64,896,384)",sub,copy,184.882857
"layer_norm_(1,64,896,384)",sub,reduce-window.7,493.235803
"layer_norm_(1,64,896,512)",main,jit_kernel_with_params(14894143074421499324),640.517143
"layer_norm_(1,64,896,512)",main,jit_kernel_with_params(14894143074421499324),640.527054
"layer_norm_(1,64,896,512)",main,jit_kernel_with_params(14894143074421499324),640.575625
"layer_norm_(1,64,896,512)",sub,reduce-window.7,640.43991
"layer_norm_(1,64,896,512)",sub,reduce-window.7,640.448571
"layer_norm_(1,64,896,512)",sub,reduce-window.7,640.497143
"layer_norm_(1,64,896,640)",main,jit_kernel_with_params(6054838052308591468),1137.344197
"layer_norm_(1,64,896,640)",main,jit_kernel_with_params(6054838052308591468),1137.052857
"layer_norm_(1,64,896,640)",main,jit_kernel_with_params(6054838052308591468),1137.192857
"layer_norm_(1,64,896,640)",sub,copy,306.242946
"layer_norm_(1,64,896,640)",sub,reduce-window.7,831.021428
"layer_norm_(1,64,896,640)",sub,copy,305.96
"layer_norm_(1,64,896,640)",sub,reduce-window.7,831.014286
"layer_norm_(1,64,896,640)",sub,copy,306.087232
"layer_norm_(1,64,896,640)",sub,reduce-window.7,831.027143
"layer_norm_(1,64,896,768)",main,jit_kernel_with_params(2917198459958200837),1680.661339
"layer_norm_(1,64,896,768)",main,jit_kernel_with_params(2917198459958200837),1680.662946
"layer_norm_(1,64,896,768)",main,jit_kernel_with_params(2917198459958200837),1680.637143
"layer_norm_(1,64,896,768)",sub,reduce-window.7,1680.582857
"layer_norm_(1,64,896,768)",sub,reduce-window.7,1680.585714
"layer_norm_(1,64,896,768)",sub,reduce-window.7,1680.558571
"layer_norm_(1,64,896,896)",main,jit_kernel_with_params(9096212409731976097),1650.731429
"layer_norm_(1,64,896,896)",main,jit_kernel_with_params(9096212409731976097),1650.455715
"layer_norm_(1,64,896,896)",main,jit_kernel_with_params(9096212409731976097),1650.46009
"layer_norm_(1,64,896,896)",sub,reduce-window.7,1650.652947
"layer_norm_(1,64,896,896)",sub,reduce-window.7,1650.378571
"layer_norm_(1,64,896,896)",sub,reduce-window.7,1650.382858
"layer_norm_(1,64,896,1024)",main,jit_kernel_with_params(174196822557271535),1348.897143
"layer_norm_(1,64,896,1024)",main,jit_kernel_with_params(174196822557271535),1349.128482
"layer_norm_(1,64,896,1024)",main,jit_kernel_with_params(174196822557271535),1348.869911
"layer_norm_(1,64,896,1024)",sub,reduce-window.7,1348.818661
"layer_norm_(1,64,896,1024)",sub,reduce-window.7,1349.04866
"layer_norm_(1,64,896,1024)",sub,reduce-window.7,1348.791428
"layer_norm_(1,64,1024,128)",main,jit_kernel_with_params(8002404473324222399),258.11
"layer_norm_(1,64,1024,128)",main,jit_kernel_with_params(8002404473324222399),258.214196
"layer_norm_(1,64,1024,128)",main,jit_kernel_with_params(8002404473324222399),258.097053
"layer_norm_(1,64,1024,128)",sub,copy,74.511429
"layer_norm_(1,64,1024,128)",sub,reduce-window.7,183.52
"layer_norm_(1,64,1024,128)",sub,copy,74.611429
"layer_norm_(1,64,1024,128)",sub,reduce-window.7,183.522857
"layer_norm_(1,64,1024,128)",sub,copy,74.494286
"layer_norm_(1,64,1024,128)",sub,reduce-window.7,183.522857
"layer_norm_(1,64,1024,256)",main,jit_kernel_with_params(3163311623111437212),362.17
"layer_norm_(1,64,1024,256)",main,jit_kernel_with_params(3163311623111437212),361.890089
"layer_norm_(1,64,1024,256)",main,jit_kernel_with_params(3163311623111437212),361.897232
"layer_norm_(1,64,1024,256)",sub,reduce-window.7,362.092857
"layer_norm_(1,64,1024,256)",sub,reduce-window.7,361.812768
"layer_norm_(1,64,1024,256)",sub,reduce-window.7,361.82
"layer_norm_(1,64,1024,384)",main,jit_kernel_with_params(7372494768762945535),758.607053
"layer_norm_(1,64,1024,384)",main,jit_kernel_with_params(7372494768762945535),758.871428
"layer_norm_(1,64,1024,384)",main,jit_kernel_with_params(7372494768762945535),758.985715
"layer_norm_(1,64,1024,384)",sub,copy,210.322947
"layer_norm_(1,64,1024,384)",sub,reduce-window.7,548.204286
"layer_norm_(1,64,1024,384)",sub,copy,210.59
"layer_norm_(1,64,1024,384)",sub,reduce-window.7,548.201428
"layer_norm_(1,64,1024,384)",sub,copy,210.704286
"layer_norm_(1,64,1024,384)",sub,reduce-window.7,548.201429
"layer_norm_(1,64,1024,512)",main,jit_kernel_with_params(13002735292359895877),734.677143
"layer_norm_(1,64,1024,512)",main,jit_kernel_with_params(13002735292359895877),734.417143
"layer_norm_(1,64,1024,512)",main,jit_kernel_with_params(13002735292359895877),734.412768
"layer_norm_(1,64,1024,512)",sub,reduce-window.7,734.598572
"layer_norm_(1,64,1024,512)",sub,reduce-window.7,734.338571
"layer_norm_(1,64,1024,512)",sub,reduce-window.7,734.334286
"layer_norm_(1,64,1024,640)",main,jit_kernel_with_params(6576663021619841787),1282.397143
"layer_norm_(1,64,1024,640)",main,jit_kernel_with_params(6576663021619841787),1281.668661
"layer_norm_(1,64,1024,640)",main,jit_kernel_with_params(6576663021619841787),1281.672857
"layer_norm_(1,64,1024,640)",sub,copy,361.158571
"layer_norm_(1,64,1024,640)",sub,reduce-window.7,921.042946
"layer_norm_(1,64,1024,640)",sub,copy,360.712947
"layer_norm_(1,64,1024,640)",sub,reduce-window.7,920.875804
"layer_norm_(1,64,1024,640)",sub,copy,360.72
"layer_norm_(1,64,1024,640)",sub,reduce-window.7,920.872858
"layer_norm_(1,64,1024,768)",main,jit_kernel_with_params(146906643548101652),1848.181429
"layer_norm_(1,64,1024,768)",main,jit_kernel_with_params(146906643548101652),1848.18
"layer_norm_(1,64,1024,768)",main,jit_kernel_with_params(146906643548101652),1848.49
"layer_norm_(1,64,1024,768)",sub,reduce-window.7,1848.104285
"layer_norm_(1,64,1024,768)",sub,reduce-window.7,1848.101429
"layer_norm_(1,64,1024,768)",sub,reduce-window.7,1848.412857
"layer_norm_(1,64,1024,896)",main,jit_kernel_with_params(14875978799537135874),1852.419911
"layer_norm_(1,64,1024,896)",main,jit_kernel_with_params(14875978799537135874),1852.067232
"layer_norm_(1,64,1024,896)",main,jit_kernel_with_params(14875978799537135874),1852.071518
"layer_norm_(1,64,1024,896)",sub,copy,504.002857
"layer_norm_(1,64,1024,896)",sub,reduce-window.7,1348.337143
"layer_norm_(1,64,1024,896)",sub,copy,503.651429
"layer_norm_(1,64,1024,896)",sub,reduce-window.7,1348.337143
"layer_norm_(1,64,1024,896)",sub,copy,503.657142
"layer_norm_(1,64,1024,896)",sub,reduce-window.7,1348.335714
"layer_norm_(1,64,1024,1024)",main,jit_kernel_with_params(8135975793174190838),1464.065625
"layer_norm_(1,64,1024,1024)",main,jit_kernel_with_params(8135975793174190838),1463.831428
"layer_norm_(1,64,1024,1024)",main,jit_kernel_with_params(8135975793174190838),1464.17
"layer_norm_(1,64,1024,1024)",sub,reduce-window.7,1463.985803
"layer_norm_(1,64,1024,1024)",sub,reduce-window.7,1463.752857
"layer_norm_(1,64,1024,1024)",sub,reduce-window.7,1464.091428
"layer_norm_(1,128,128,128)",main,jit_kernel_with_params(14382471907773043280),64.64
"layer_norm_(1,128,128,128)",main,jit_kernel_with_params(14382471907773043280),64.635804
"layer_norm_(1,128,128,128)",main,jit_kernel_with_params(14382471907773043280),64.348572
"layer_norm_(1,128,128,128)",sub,copy,25.204286
"layer_norm_(1,128,128,128)",sub,reduce-window.7,39.355715
"layer_norm_(1,128,128,128)",sub,copy,25.194285
"layer_norm_(1,128,128,128)",sub,reduce-window.7,39.362857
"layer_norm_(1,128,128,128)",sub,copy,24.922768
"layer_norm_(1,128,128,128)",sub,reduce-window.7,39.348482
"layer_norm_(1,128,128,256)",main,jit_kernel_with_params(3752267343770806010),98.117053
"layer_norm_(1,128,128,256)",main,jit_kernel_with_params(3752267343770806010),98.422947
"layer_norm_(1,128,128,256)",main,jit_kernel_with_params(3752267343770806010),98.475714
"layer_norm_(1,128,128,256)",sub,reduce-window.7,98.037232
"layer_norm_(1,128,128,256)",sub,reduce-window.7,98.345715
"layer_norm_(1,128,128,256)",sub,reduce-window.7,98.397143
"layer_norm_(1,128,128,384)",main,jit_kernel_with_params(2627585290294306096),153.234196
"layer_norm_(1,128,128,384)",main,jit_kernel_with_params(2627585290294306096),153.604375
"layer_norm_(1,128,128,384)",main,jit_kernel_with_params(2627585290294306096),153.318661
"layer_norm_(1,128,128,384)",sub,copy,60.854286
"layer_norm_(1,128,128,384)",sub,reduce-window.7,92.3
"layer_norm_(1,128,128,384)",sub,copy,61.225625
"layer_norm_(1,128,128,384)",sub,reduce-window.7,92.301339
"layer_norm_(1,128,128,384)",sub,copy,60.93991
"layer_norm_(1,128,128,384)",sub,reduce-window.7,92.301339
"layer_norm_(1,128,128,512)",main,jit_kernel_with_params(5416671798645007330),189.324286
"layer_norm_(1,128,128,512)",main,jit_kernel_with_params(5416671798645007330),189.144196
"layer_norm_(1,128,128,512)",main,jit_kernel_with_params(5416671798645007330),189.137143
"layer_norm_(1,128,128,512)",sub,reduce-window.7,189.247142
"layer_norm_(1,128,128,512)",sub,reduce-window.7,189.065714
"layer_norm_(1,128,128,512)",sub,reduce-window.7,189.05991
"layer_norm_(1,128,128,640)",main,jit_kernel_with_params(3545804883360914039),270.005625
"layer_norm_(1,128,128,640)",main,jit_kernel_with_params(3545804883360914039),269.984375
"layer_norm_(1,128,128,640)",main,jit_kernel_with_params(3545804883360914039),270.007143
"layer_norm_(1,128,128,640)",sub,copy,115.118572
"layer_norm_(1,128,128,640)",sub,reduce-window.7,154.805804
"layer_norm_(1,128,128,640)",sub,copy,115.102768
"layer_norm_(1,128,128,640)",sub,reduce-window.7,154.804196
"layer_norm_(1,128,128,640)",sub,copy,115.119911
"layer_norm_(1,128,128,640)",sub,reduce-window.7,154.808572
"layer_norm_(1,128,128,768)",main,jit_kernel_with_params(10149261780177277008),278.679911
"layer_norm_(1,128,128,768)",main,jit_kernel_with_params(10149261780177277008),278.685625
"layer_norm_(1,128,128,768)",main,jit_kernel_with_params(10149261780177277008),278.705625
"layer_norm_(1,128,128,768)",sub,reduce-window.7,278.60009
"layer_norm_(1,128,128,768)",sub,reduce-window.7,278.605804
"layer_norm_(1,128,128,768)",sub,reduce-window.7,278.625804
"layer_norm_(1,128,128,896)",main,jit_kernel_with_params(10421617261214451831),377.647142
"layer_norm_(1,128,128,896)",main,jit_kernel_with_params(10421617261214451831),377.888661
"layer_norm_(1,128,128,896)",main,jit_kernel_with_params(10421617261214451831),378.052767
"layer_norm_(1,128,128,896)",sub,copy,160.137054
"layer_norm_(1,128,128,896)",sub,reduce-window.7,217.431428
"layer_norm_(1,128,128,896)",sub,copy,160.378661
"layer_norm_(1,128,128,896)",sub,reduce-window.7,217.431429
"layer_norm_(1,128,128,896)",sub,copy,160.540089
"layer_norm_(1,128,128,896)",sub,reduce-window.7,217.432857
"layer_norm_(1,128,128,1024)",main,jit_kernel_with_params(9763339259747586603),366.559911
"layer_norm_(1,128,128,1024)",main,jit_kernel_with_params(9763339259747586603),366.965625
"layer_norm_(1,128,128,1024)",main,jit_kernel_with_params(9763339259747586603),366.564286
"layer_norm_(1,128,128,1024)",sub,reduce-window.7,366.48009
"layer_norm_(1,128,128,1024)",sub,reduce-window.7,366.885804
"layer_norm_(1,128,128,1024)",sub,reduce-window.7,366.487142
"layer_norm_(1,128,256,128)",main,jit_kernel_with_params(10547040821605796358),136.392947
"layer_norm_(1,128,256,128)",main,jit_kernel_with_params(10547040821605796358),136.545625
"layer_norm_(1,128,256,128)",main,jit_kernel_with_params(10547040821605796358),136.32
"layer_norm_(1,128,256,128)",sub,copy,38.632768
"layer_norm_(1,128,256,128)",sub,reduce-window.7,97.681429
"layer_norm_(1,128,256,128)",sub,copy,38.782857
"layer_norm_(1,128,256,128)",sub,reduce-window.7,97.682857
"layer_norm_(1,128,256,128)",sub,copy,38.557143
"layer_norm_(1,128,256,128)",sub,reduce-window.7,97.682947
"layer_norm_(1,128,256,256)",main,jit_kernel_with_params(11510701003978577948),191.444286
"layer_norm_(1,128,256,256)",main,jit_kernel_with_params(11510701003978577948),191.214286
"layer_norm_(1,128,256,256)",main,jit_kernel_with_params(11510701003978577948),191.215625
"layer_norm_(1,128,256,256)",sub,reduce-window.7,191.365715
"layer_norm_(1,128,256,256)",sub,reduce-window.7,191.135804
"layer_norm_(1,128,256,256)",sub,reduce-window.7,191.137143
"layer_norm_(1,128,256,384)",main,jit_kernel_with_params(1500532088490892432),385.930089
"layer_norm_(1,128,256,384)",main,jit_kernel_with_params(1500532088490892432),385.914197
"layer_norm_(1,128,256,384)",main,jit_kernel_with_params(1500532088490892432),385.665625
"layer_norm_(1,128,256,384)",sub,copy,106.922767
"layer_norm_(1,128,256,384)",sub,reduce-window.7,278.92991
"layer_norm_(1,128,256,384)",sub,copy,106.902857
"layer_norm_(1,128,256,384)",sub,reduce-window.7,278.931429
"layer_norm_(1,128,256,384)",sub,copy,106.662947
"layer_norm_(1,128,256,384)",sub,reduce-window.7,278.921518
"layer_norm_(1,128,256,512)",main,jit_kernel_with_params(5459743588599493923),366.304286
"layer_norm_(1,128,256,512)",main,jit_kernel_with_params(5459743588599493923),366.294286
"layer_norm_(1,128,256,512)",main,jit_kernel_with_params(5459743588599493923),366.304286
"layer_norm_(1,128,256,512)",sub,reduce-window.7,366.225714
"layer_norm_(1,128,256,512)",sub,reduce-window.7,366.215715
"layer_norm_(1,128,256,512)",sub,reduce-window.7,366.227142
"layer_norm_(1,128,256,640)",main,jit_kernel_with_params(6476593349608135214),626.13
"layer_norm_(1,128,256,640)",main,jit_kernel_with_params(6476593349608135214),626.150089
"layer_norm_(1,128,256,640)",main,jit_kernel_with_params(6476593349608135214),626.571428
"layer_norm_(1,128,256,640)",sub,copy,175.754286
"layer_norm_(1,128,256,640)",sub,reduce-window.7,450.295804
"layer_norm_(1,128,256,640)",sub,copy,175.789911
"layer_norm_(1,128,256,640)",sub,reduce-window.7,450.281428
"layer_norm_(1,128,256,640)",sub,copy,176.208571
"layer_norm_(1,128,256,640)",sub,reduce-window.7,450.284285
"layer_norm_(1,128,256,768)",main,jit_kernel_with_params(11670582350562156859),550.037143
"layer_norm_(1,128,256,768)",main,jit_kernel_with_params(11670582350562156859),550.097143
"layer_norm_(1,128,256,768)",main,jit_kernel_with_params(11670582350562156859),549.68
"layer_norm_(1,128,256,768)",sub,reduce-window.7,549.959911
"layer_norm_(1,128,256,768)",sub,reduce-window.7,550.018661
"layer_norm_(1,128,256,768)",sub,reduce-window.7,549.601518
"layer_norm_(1,128,256,896)",main,jit_kernel_with_params(13279412378037592635),883.162857
"layer_norm_(1,128,256,896)",main,jit_kernel_with_params(13279412378037592635),883.164375
"layer_norm_(1,128,256,896)",main,jit_kernel_with_params(13279412378037592635),883.422857
"layer_norm_(1,128,256,896)",sub,copy,246.554196
"layer_norm_(1,128,256,896)",sub,reduce-window.7,636.53134
"layer_norm_(1,128,256,896)",sub,copy,246.54991
"layer_norm_(1,128,256,896)",sub,reduce-window.7,636.535714
"layer_norm_(1,128,256,896)",sub,copy,246.811339
"layer_norm_(1,128,256,896)",sub,reduce-window.7,636.534196
"layer_norm_(1,128,256,1024)",main,jit_kernel_with_params(3191980967420374275),732.925714
"layer_norm_(1,128,256,1024)",main,jit_kernel_with_params(3191980967420374275),732.704196
"layer_norm_(1,128,256,1024)",main,jit_kernel_with_params(3191980967420374275),733.031517
"layer_norm_(1,128,256,1024)",sub,reduce-window.7,732.848482
"layer_norm_(1,128,256,1024)",sub,reduce-window.7,732.625714
"layer_norm_(1,128,256,1024)",sub,reduce-window.7,732.954285
"layer_norm_(1,128,384,128)",main,jit_kernel_with_params(7703501087469353157),151.955714
"layer_norm_(1,128,384,128)",main,jit_kernel_with_params(7703501087469353157),151.981429
"layer_norm_(1,128,384,128)",main,jit_kernel_with_params(7703501087469353157),151.82991
"layer_norm_(1,128,384,128)",sub,copy,61.525714
"layer_norm_(1,128,384,128)",sub,reduce-window.7,90.351428
"layer_norm_(1,128,384,128)",sub,copy,61.55134
"layer_norm_(1,128,384,128)",sub,reduce-window.7,90.351429
"layer_norm_(1,128,384,128)",sub,copy,61.394375
"layer_norm_(1,128,384,128)",sub,reduce-window.7,90.355715
"layer_norm_(1,128,384,256)",main,jit_kernel_with_params(15872071976909311621),279.585714
"layer_norm_(1,128,384,256)",main,jit_kernel_with_params(15872071976909311621),279.297054
"layer_norm_(1,128,384,256)",main,jit_kernel_with_params(15872071976909311621),279.3
"layer_norm_(1,128,384,256)",sub,reduce-window.7,279.508483
"layer_norm_(1,128,384,256)",sub,reduce-window.7,279.217232
"layer_norm_(1,128,384,256)",sub,reduce-window.7,279.222768
"layer_norm_(1,128,384,384)",main,jit_kernel_with_params(2224588740992174157),451.324285
"layer_norm_(1,128,384,384)",main,jit_kernel_with_params(2224588740992174157),451.177053
"layer_norm_(1,128,384,384)",main,jit_kernel_with_params(2224588740992174157),450.962857
"layer_norm_(1,128,384,384)",sub,copy,176.724375
"layer_norm_(1,128,384,384)",sub,reduce-window.7,274.521429
"layer_norm_(1,128,384,384)",sub,copy,176.578572
"layer_norm_(1,128,384,384)",sub,reduce-window.7,274.517232
"layer_norm_(1,128,384,384)",sub,copy,176.358661
"layer_norm_(1,128,384,384)",sub,reduce-window.7,274.524375
"layer_norm_(1,128,384,512)",main,jit_kernel_with_params(8444557075599244638),551.042947
"layer_norm_(1,128,384,512)",main,jit_kernel_with_params(8444557075599244638),551.05
"layer_norm_(1,128,384,512)",main,jit_kernel_with_params(8444557075599244638),551.054286
"layer_norm_(1,128,384,512)",sub,reduce-window.7,550.965715
"layer_norm_(1,128,384,512)",sub,reduce-window.7,550.971428
"layer_norm_(1,128,384,512)",sub,reduce-window.7,550.975714
"layer_norm_(1,128,384,640)",main,jit_kernel_with_params(3818624854231684871),755.625714
"layer_norm_(1,128,384,640)",main,jit_kernel_with_params(3818624854231684871),755.654286
"layer_norm_(1,128,384,640)",main,jit_kernel_with_params(3818624854231684871),755.86
"layer_norm_(1,128,384,640)",sub,copy,293.358571
"layer_norm_(1,128,384,640)",sub,reduce-window.7,462.187142
"layer_norm_(1,128,384,640)",sub,copy,293.382857
"layer_norm_(1,128,384,640)",sub,reduce-window.7,462.192768
"layer_norm_(1,128,384,640)",sub,copy,293.588571
"layer_norm_(1,128,384,640)",sub,reduce-window.7,462.192858
"layer_norm_(1,128,384,768)",main,jit_kernel_with_params(16123925562504093033),815.67
"layer_norm_(1,128,384,768)",main,jit_kernel_with_params(16123925562504093033),815.71
"layer_norm_(1,128,384,768)",main,jit_kernel_with_params(16123925562504093033),815.697143
"layer_norm_(1,128,384,768)",sub,reduce-window.7,815.592857
"layer_norm_(1,128,384,768)",sub,reduce-window.7,815.631429
"layer_norm_(1,128,384,768)",sub,reduce-window.7,815.618571
"layer_norm_(1,128,384,896)",main,jit_kernel_with_params(7009238486047728964),1059.94
"layer_norm_(1,128,384,896)",main,jit_kernel_with_params(7009238486047728964),1059.968572
"layer_norm_(1,128,384,896)",main,jit_kernel_with_params(7009238486047728964),1060.17134
"layer_norm_(1,128,384,896)",sub,copy,409.541428
"layer_norm_(1,128,384,896)",sub,reduce-window.7,650.318571
"layer_norm_(1,128,384,896)",sub,copy,409.577142
"layer_norm_(1,128,384,896)",sub,reduce-window.7,650.311518
"layer_norm_(1,128,384,896)",sub,copy,409.768571
"layer_norm_(1,128,384,896)",sub,reduce-window.7,650.322858
"layer_norm_(1,128,384,1024)",main,jit_kernel_with_params(13407968576305319359),1096.167143
"layer_norm_(1,128,384,1024)",main,jit_kernel_with_params(13407968576305319359),1095.814285
"layer_norm_(1,128,384,1024)",main,jit_kernel_with_params(13407968576305319359),1096.267143
"layer_norm_(1,128,384,1024)",sub,reduce-window.7,1096.088572
"layer_norm_(1,128,384,1024)",sub,reduce-window.7,1095.735714
"layer_norm_(1,128,384,1024)",sub,reduce-window.7,1096.19
"layer_norm_(1,128,512,128)",main,jit_kernel_with_params(15008290083202455760),263.662857
"layer_norm_(1,128,512,128)",main,jit_kernel_with_params(15008290083202455760),263.57
"layer_norm_(1,128,512,128)",main,jit_kernel_with_params(15008290083202455760),263.297232
"layer_norm_(1,128,512,128)",sub,copy,74.792946
"layer_norm_(1,128,512,128)",sub,reduce-window.7,188.790089
"layer_norm_(1,128,512,128)",sub,copy,74.69866
"layer_norm_(1,128,512,128)",sub,reduce-window.7,188.792857
"layer_norm_(1,128,512,128)",sub,copy,74.427232
"layer_norm_(1,128,512,128)",sub,reduce-window.7,188.791428
"layer_norm_(1,128,512,256)",main,jit_kernel_with_params(8495804211216486195),363.28
"layer_norm_(1,128,512,256)",main,jit_kernel_with_params(8495804211216486195),363.272768
"layer_norm_(1,128,512,256)",main,jit_kernel_with_params(8495804211216486195),363.605714
"layer_norm_(1,128,512,256)",sub,reduce-window.7,363.202768
"layer_norm_(1,128,512,256)",sub,reduce-window.7,363.194286
"layer_norm_(1,128,512,256)",sub,reduce-window.7,363.527143
"layer_norm_(1,128,512,384)",main,jit_kernel_with_params(14760642138730646761),760.894196
"layer_norm_(1,128,512,384)",main,jit_kernel_with_params(14760642138730646761),761.235803
"layer_norm_(1,128,512,384)",main,jit_kernel_with_params(14760642138730646761),760.917143
"layer_norm_(1,128,512,384)",sub,copy,210.274375
"layer_norm_(1,128,512,384)",sub,reduce-window.7,550.538661
"layer_norm_(1,128,512,384)",sub,copy,210.611429
"layer_norm_(1,128,512,384)",sub,reduce-window.7,550.545714
"layer_norm_(1,128,512,384)",sub,copy,210.299911
"layer_norm_(1,128,512,384)",sub,reduce-window.7,550.539911
"layer_norm_(1,128,512,512)",main,jit_kernel_with_params(14278610650522563660),731.36
"layer_norm_(1,128,512,512)",main,jit_kernel_with_params(14278610650522563660),731.354286
"layer_norm_(1,128,512,512)",main,jit_kernel_with_params(14278610650522563660),731.360089
"layer_norm_(1,128,512,512)",sub,reduce-window.7,731.281429
"layer_norm_(1,128,512,512)",sub,reduce-window.7,731.277053
"layer_norm_(1,128,512,512)",sub,reduce-window.7,731.282857
"layer_norm_(1,128,512,640)",main,jit_kernel_with_params(9469620684748135187),1273.39
"layer_norm_(1,128,512,640)",main,jit_kernel_with_params(9469620684748135187),1273.472768
"layer_norm_(1,128,512,640)",main,jit_kernel_with_params(9469620684748135187),1273.388661
"layer_norm_(1,128,512,640)",sub,copy,360.767232
"layer_norm_(1,128,512,640)",sub,reduce-window.7,912.544285
"layer_norm_(1,128,512,640)",sub,copy,360.845714
"layer_norm_(1,128,512,640)",sub,reduce-window.7,912.548482
"layer_norm_(1,128,512,640)",sub,copy,360.764375
"layer_norm_(1,128,512,640)",sub,reduce-window.7,912.545715
"layer_norm_(1,128,512,768)",main,jit_kernel_with_params(15748488944236575929),1096.049911
"layer_norm_(1,128,512,768)",main,jit_kernel_with_params(15748488944236575929),1096.05
"layer_norm_(1,128,512,768)",main,jit_kernel_with_params(15748488944236575929),1096.057053
"layer_norm_(1,128,512,768)",sub,reduce-window.7,1095.971428
"layer_norm_(1,128,512,768)",sub,reduce-window.7,1095.971429
"layer_norm_(1,128,512,768)",sub,reduce-window.7,1095.977232
"layer_norm_(1,128,512,896)",main,jit_kernel_with_params(9681100332724103664),1782.067143
"layer_norm_(1,128,512,896)",main,jit_kernel_with_params(9681100332724103664),1782.027232
"layer_norm_(1,128,512,896)",main,jit_kernel_with_params(9681100332724103664),1782.325714
"layer_norm_(1,128,512,896)",sub,copy,503.788572
"layer_norm_(1,128,512,896)",sub,reduce-window.7,1278.2
"layer_norm_(1,128,512,896)",sub,copy,503.741339
"layer_norm_(1,128,512,896)",sub,reduce-window.7,1278.207143
"layer_norm_(1,128,512,896)",sub,copy,504.048482
"layer_norm_(1,128,512,896)",sub,reduce-window.7,1278.199911
"layer_norm_(1,128,512,1024)",main,jit_kernel_with_params(10028038975728476658),1466.245714
"layer_norm_(1,128,512,1024)",main,jit_kernel_with_params(10028038975728476658),1466.508571
"layer_norm_(1,128,512,1024)",main,jit_kernel_with_params(10028038975728476658),1466.237053
"layer_norm_(1,128,512,1024)",sub,reduce-window.7,1466.167232
"layer_norm_(1,128,512,1024)",sub,reduce-window.7,1466.43
"layer_norm_(1,128,512,1024)",sub,reduce-window.7,1466.157232
"layer_norm_(1,128,640,128)",main,jit_kernel_with_params(9407963070048596112),265.497143
"layer_norm_(1,128,640,128)",main,jit_kernel_with_params(9407963070048596112),266.098572
"layer_norm_(1,128,640,128)",main,jit_kernel_with_params(9407963070048596112),265.705715
"layer_norm_(1,128,640,128)",sub,copy,104.631339
"layer_norm_(1,128,640,128)",sub,reduce-window.7,160.788482
"layer_norm_(1,128,640,128)",sub,copy,105.22991
"layer_norm_(1,128,640,128)",sub,reduce-window.7,160.788661
"layer_norm_(1,128,640,128)",sub,copy,104.841429
"layer_norm_(1,128,640,128)",sub,reduce-window.7,160.785715
"layer_norm_(1,128,640,256)",main,jit_kernel_with_params(13184575338421398273),451.03
"layer_norm_(1,128,640,256)",main,jit_kernel_with_params(13184575338421398273),450.74134
"layer_norm_(1,128,640,256)",main,jit_kernel_with_params(13184575338421398273),450.725714
"layer_norm_(1,128,640,256)",sub,reduce-window.7,450.951429
"layer_norm_(1,128,640,256)",sub,reduce-window.7,450.662857
"layer_norm_(1,128,640,256)",sub,reduce-window.7,450.647232
"layer_norm_(1,128,640,384)",main,jit_kernel_with_params(9368223591288474360),748.695804
"layer_norm_(1,128,640,384)",main,jit_kernel_with_params(9368223591288474360),748.638482
"layer_norm_(1,128,640,384)",main,jit_kernel_with_params(9368223591288474360),748.657143
"layer_norm_(1,128,640,384)",sub,copy,291.87991
"layer_norm_(1,128,640,384)",sub,reduce-window.7,456.738482
"layer_norm_(1,128,640,384)",sub,copy,291.815714
"layer_norm_(1,128,640,384)",sub,reduce-window.7,456.742857
"layer_norm_(1,128,640,384)",sub,copy,291.83991
"layer_norm_(1,128,640,384)",sub,reduce-window.7,456.73991
"layer_norm_(1,128,640,512)",main,jit_kernel_with_params(11557423966479910683),913.144286
"layer_norm_(1,128,640,512)",main,jit_kernel_with_params(11557423966479910683),913.162946
"layer_norm_(1,128,640,512)",main,jit_kernel_with_params(11557423966479910683),913.161429
"layer_norm_(1,128,640,512)",sub,reduce-window.7,913.067143
"layer_norm_(1,128,640,512)",sub,reduce-window.7,913.085714
"layer_norm_(1,128,640,512)",sub,reduce-window.7,913.084286
"layer_norm_(1,128,640,640)",main,jit_kernel_with_params(10125399785194253427),1282.105625
"layer_norm_(1,128,640,640)",main,jit_kernel_with_params(10125399785194253427),1281.941428
"layer_norm_(1,128,640,640)",main,jit_kernel_with_params(10125399785194253427),1281.721429
"layer_norm_(1,128,640,640)",sub,copy,512.452858
"layer_norm_(1,128,640,640)",sub,reduce-window.7,769.571518
"layer_norm_(1,128,640,640)",sub,copy,512.288482
"layer_norm_(1,128,640,640)",sub,reduce-window.7,769.574286
"layer_norm_(1,128,640,640)",sub,copy,512.071429
"layer_norm_(1,128,640,640)",sub,reduce-window.7,769.57009
"layer_norm_(1,128,640,768)",main,jit_kernel_with_params(15045018753294532051),1370.918482
"layer_norm_(1,128,640,768)",main,jit_kernel_with_params(15045018753294532051),1370.9
"layer_norm_(1,128,640,768)",main,jit_kernel_with_params(15045018753294532051),1370.915714
"layer_norm_(1,128,640,768)",sub,reduce-window.7,1370.84
"layer_norm_(1,128,640,768)",sub,reduce-window.7,1370.821428
"layer_norm_(1,128,640,768)",sub,reduce-window.7,1370.838571
"layer_norm_(1,128,640,896)",main,jit_kernel_with_params(9861979616697789256),1800.058572
"layer_norm_(1,128,640,896)",main,jit_kernel_with_params(9861979616697789256),1799.854285
"layer_norm_(1,128,640,896)",main,jit_kernel_with_params(9861979616697789256),1799.568572
"layer_norm_(1,128,640,896)",sub,copy,716.348571
"layer_norm_(1,128,640,896)",sub,reduce-window.7,1083.63009
"layer_norm_(1,128,640,896)",sub,copy,715.818661
"layer_norm_(1,128,640,896)",sub,reduce-window.7,1083.955803
"layer_norm_(1,128,640,896)",sub,copy,715.847053
"layer_norm_(1,128,640,896)",sub,reduce-window.7,1083.642857
"layer_norm_(1,128,640,1024)",main,jit_kernel_with_params(5950479946818304561),1841.205715
"layer_norm_(1,128,640,1024)",main,jit_kernel_with_params(5950479946818304561),1841.007143
"layer_norm_(1,128,640,1024)",main,jit_kernel_with_params(5950479946818304561),1841.210089
"layer_norm_(1,128,640,1024)",sub,reduce-window.7,1841.128482
"layer_norm_(1,128,640,1024)",sub,reduce-window.7,1840.93
"layer_norm_(1,128,640,1024)",sub,reduce-window.7,1841.132767
"layer_norm_(1,128,768,128)",main,jit_kernel_with_params(9466711181013821153),385.431429
"layer_norm_(1,128,768,128)",main,jit_kernel_with_params(9466711181013821153),385.07
"layer_norm_(1,128,768,128)",main,jit_kernel_with_params(9466711181013821153),385.458661
"layer_norm_(1,128,768,128)",sub,copy,107.045625
"layer_norm_(1,128,768,128)",sub,reduce-window.7,278.308482
"layer_norm_(1,128,768,128)",sub,copy,106.684286
"layer_norm_(1,128,768,128)",sub,reduce-window.7,278.308482
"layer_norm_(1,128,768,128)",sub,copy,107.062768
"layer_norm_(1,128,768,128)",sub,reduce-window.7,278.318483
"layer_norm_(1,128,768,256)",main,jit_kernel_with_params(8912301510583580353),541.831429
"layer_norm_(1,128,768,256)",main,jit_kernel_with_params(8912301510583580353),541.43
"layer_norm_(1,128,768,256)",main,jit_kernel_with_params(8912301510583580353),541.430089
"layer_norm_(1,128,768,256)",sub,reduce-window.7,541.752857
"layer_norm_(1,128,768,256)",sub,reduce-window.7,541.352857
"layer_norm_(1,128,768,256)",sub,reduce-window.7,541.352767
"layer_norm_(1,128,768,384)",main,jit_kernel_with_params(4652529397839549735),1129.502857
"layer_norm_(1,128,768,384)",main,jit_kernel_with_params(4652529397839549735),1129.547054
"layer_norm_(1,128,768,384)",main,jit_kernel_with_params(4652529397839549735),1129.255715
"layer_norm_(1,128,768,384)",sub,copy,314.574285
"layer_norm_(1,128,768,384)",sub,reduce-window.7,814.848661
"layer_norm_(1,128,768,384)",sub,copy,314.622857
"layer_norm_(1,128,768,384)",sub,reduce-window.7,814.845625
"layer_norm_(1,128,768,384)",sub,copy,314.325714
"layer_norm_(1,128,768,384)",sub,reduce-window.7,814.85009
"layer_norm_(1,128,768,512)",main,jit_kernel_with_params(9937060783599007281),1093.885714
"layer_norm_(1,128,768,512)",main,jit_kernel_with_params(9937060783599007281),1093.889911
"layer_norm_(1,128,768,512)",main,jit_kernel_with_params(9937060783599007281),1094.367143
"layer_norm_(1,128,768,512)",sub,reduce-window.7,1093.807232
"layer_norm_(1,128,768,512)",sub,reduce-window.7,1093.811429
"layer_norm_(1,128,768,512)",sub,reduce-window.7,1094.288572
"layer_norm_(1,128,768,640)",main,jit_kernel_with_params(13404777715358983421),1892.135714
"layer_norm_(1,128,768,640)",main,jit_kernel_with_params(13404777715358983421),1892.355625
"layer_norm_(1,128,768,640)",main,jit_kernel_with_params(13404777715358983421),1892.171429
"layer_norm_(1,128,768,640)",sub,copy,521.892768
"layer_norm_(1,128,768,640)",sub,reduce-window.7,1370.162947
"layer_norm_(1,128,768,640)",sub,copy,522.111428
"layer_norm_(1,128,768,640)",sub,reduce-window.7,1370.165625
"layer_norm_(1,128,768,640)",sub,copy,521.92
"layer_norm_(1,128,768,640)",sub,reduce-window.7,1370.172857
"layer_norm_(1,128,768,768)",main,jit_kernel_with_params(14299595322812756273),1655.83
"layer_norm_(1,128,768,768)",main,jit_kernel_with_params(14299595322812756273),1655.834375
"layer_norm_(1,128,768,768)",main,jit_kernel_with_params(14299595322812756273),1656.111429
"layer_norm_(1,128,768,768)",sub,reduce-window.7,1655.752857
"layer_norm_(1,128,768,768)",sub,reduce-window.7,1655.757143
"layer_norm_(1,128,768,768)",sub,reduce-window.7,1656.032947
"layer_norm_(1,128,768,896)",main,jit_kernel_with_params(15686424355511466795),4089.937054
"layer_norm_(1,128,768,896)",main,jit_kernel_with_params(15686424355511466795),4089.942857
"layer_norm_(1,128,768,896)",main,jit_kernel_with_params(15686424355511466795),4090.164196
"layer_norm_(1,128,768,896)",sub,copy,730.21
"layer_norm_(1,128,768,896)",sub,reduce-window.7,3359.645804
"layer_norm_(1,128,768,896)",sub,copy,730.214285
"layer_norm_(1,128,768,896)",sub,reduce-window.7,3359.65
"layer_norm_(1,128,768,896)",sub,copy,730.428661
"layer_norm_(1,128,768,896)",sub,reduce-window.7,3359.655714
"layer_norm_(1,128,768,1024)",main,jit_kernel_with_params(7059318690761648583),2205.055804
"layer_norm_(1,128,768,1024)",main,jit_kernel_with_params(7059318690761648583),2205.051428
"layer_norm_(1,128,768,1024)",main,jit_kernel_with_params(7059318690761648583),2205.30991
"layer_norm_(1,128,768,1024)",sub,reduce-window.7,2204.978482
"layer_norm_(1,128,768,1024)",sub,reduce-window.7,2204.974197
"layer_norm_(1,128,768,1024)",sub,reduce-window.7,2205.231429
"layer_norm_(1,128,896,128)",main,jit_kernel_with_params(9045956919968850380),368.241428
"layer_norm_(1,128,896,128)",main,jit_kernel_with_params(9045956919968850380),367.94
"layer_norm_(1,128,896,128)",main,jit_kernel_with_params(9045956919968850380),368.198571
"layer_norm_(1,128,896,128)",sub,copy,141.629911
"layer_norm_(1,128,896,128)",sub,reduce-window.7,226.531517
"layer_norm_(1,128,896,128)",sub,copy,141.328661
"layer_norm_(1,128,896,128)",sub,reduce-window.7,226.531429
"layer_norm_(1,128,896,128)",sub,copy,141.585714
"layer_norm_(1,128,896,128)",sub,reduce-window.7,226.534286
"layer_norm_(1,128,896,256)",main,jit_kernel_with_params(18167503685316318794),637.078571
"layer_norm_(1,128,896,256)",main,jit_kernel_with_params(18167503685316318794),637.362768
"layer_norm_(1,128,896,256)",main,jit_kernel_with_params(18167503685316318794),637.108572
"layer_norm_(1,128,896,256)",sub,reduce-window.7,637.0
"layer_norm_(1,128,896,256)",sub,reduce-window.7,637.282947
"layer_norm_(1,128,896,256)",sub,reduce-window.7,637.03
"layer_norm_(1,128,896,384)",main,jit_kernel_with_params(17303357224256970215),1046.345714
"layer_norm_(1,128,896,384)",main,jit_kernel_with_params(17303357224256970215),1046.325715
"layer_norm_(1,128,896,384)",main,jit_kernel_with_params(17303357224256970215),1046.328661
"layer_norm_(1,128,896,384)",sub,copy,407.308572
"layer_norm_(1,128,896,384)",sub,reduce-window.7,638.958572
"layer_norm_(1,128,896,384)",sub,copy,407.295714
"layer_norm_(1,128,896,384)",sub,reduce-window.7,638.95
"layer_norm_(1,128,896,384)",sub,copy,407.298571
"layer_norm_(1,128,896,384)",sub,reduce-window.7,638.952768
"layer_norm_(1,128,896,512)",main,jit_kernel_with_params(1933097737081104100),1278.958661
"layer_norm_(1,128,896,512)",main,jit_kernel_with_params(1933097737081104100),1278.948572
"layer_norm_(1,128,896,512)",main,jit_kernel_with_params(1933097737081104100),1279.25
"layer_norm_(1,128,896,512)",sub,reduce-window.7,1278.881339
"layer_norm_(1,128,896,512)",sub,reduce-window.7,1278.87009
"layer_norm_(1,128,896,512)",sub,reduce-window.7,1279.171428
"layer_norm_(1,128,896,640)",main,jit_kernel_with_params(2641471656577779387),1772.878571
"layer_norm_(1,128,896,640)",main,jit_kernel_with_params(2641471656577779387),1771.962946
"layer_norm_(1,128,896,640)",main,jit_kernel_with_params(2641471656577779387),1772.404375
"layer_norm_(1,128,896,640)",sub,copy,694.817143
"layer_norm_(1,128,896,640)",sub,reduce-window.7,1077.981518
"layer_norm_(1,128,896,640)",sub,copy,694.381428
"layer_norm_(1,128,896,640)",sub,reduce-window.7,1077.504196
"layer_norm_(1,128,896,640)",sub,copy,694.685714
"layer_norm_(1,128,896,640)",sub,reduce-window.7,1077.64
"layer_norm_(1,128,896,768)",main,jit_kernel_with_params(11841919644310559496),3359.751518
"layer_norm_(1,128,896,768)",main,jit_kernel_with_params(11841919644310559496),3359.745625
"layer_norm_(1,128,896,768)",main,jit_kernel_with_params(11841919644310559496),3359.725625
"layer_norm_(1,128,896,768)",sub,reduce-window.7,3359.674286
"layer_norm_(1,128,896,768)",sub,reduce-window.7,3359.665803
"layer_norm_(1,128,896,768)",sub,reduce-window.7,3359.645804
"layer_norm_(1,128,896,896)",main,jit_kernel_with_params(3695965993542737230),2488.042946
"layer_norm_(1,128,896,896)",main,jit_kernel_with_params(3695965993542737230),2487.555714
"layer_norm_(1,128,896,896)",main,jit_kernel_with_params(3695965993542737230),2487.51
"layer_norm_(1,128,896,896)",sub,copy,971.171429
"layer_norm_(1,128,896,896)",sub,reduce-window.7,1516.792857
"layer_norm_(1,128,896,896)",sub,copy,970.962857
"layer_norm_(1,128,896,896)",sub,reduce-window.7,1516.512947
"layer_norm_(1,128,896,896)",sub,copy,970.909911
"layer_norm_(1,128,896,896)",sub,reduce-window.7,1516.520089
"layer_norm_(1,128,896,1024)",main,jit_kernel_with_params(15536746987144038121),2696.17
"layer_norm_(1,128,896,1024)",main,jit_kernel_with_params(15536746987144038121),2696.174375
"layer_norm_(1,128,896,1024)",main,jit_kernel_with_params(15536746987144038121),2696.168571
"layer_norm_(1,128,896,1024)",sub,reduce-window.7,2696.092858
"layer_norm_(1,128,896,1024)",sub,reduce-window.7,2696.097143
"layer_norm_(1,128,896,1024)",sub,reduce-window.7,2696.09
"layer_norm_(1,128,1024,128)",main,jit_kernel_with_params(18271255083366966911),512.21
"layer_norm_(1,128,1024,128)",main,jit_kernel_with_params(18271255083366966911),511.811428
"layer_norm_(1,128,1024,128)",main,jit_kernel_with_params(18271255083366966911),512.114375
"layer_norm_(1,128,1024,128)",sub,copy,145.994285
"layer_norm_(1,128,1024,128)",sub,reduce-window.7,366.135803
"layer_norm_(1,128,1024,128)",sub,copy,145.597143
"layer_norm_(1,128,1024,128)",sub,reduce-window.7,366.135715
"layer_norm_(1,128,1024,128)",sub,copy,145.901428
"layer_norm_(1,128,1024,128)",sub,reduce-window.7,366.135625
"layer_norm_(1,128,1024,256)",main,jit_kernel_with_params(10923645653868696672),722.08866
"layer_norm_(1,128,1024,256)",main,jit_kernel_with_params(10923645653868696672),722.420089
"layer_norm_(1,128,1024,256)",main,jit_kernel_with_params(10923645653868696672),722.098661
"layer_norm_(1,128,1024,256)",sub,reduce-window.7,722.011428
"layer_norm_(1,128,1024,256)",sub,reduce-window.7,722.342857
"layer_norm_(1,128,1024,256)",sub,reduce-window.7,722.021339
"layer_norm_(1,128,1024,384)",main,jit_kernel_with_params(13637736285190506233),1513.341518
"layer_norm_(1,128,1024,384)",main,jit_kernel_with_params(13637736285190506233),1513.188571
"layer_norm_(1,128,1024,384)",main,jit_kernel_with_params(13637736285190506233),1512.821428
"layer_norm_(1,128,1024,384)",sub,copy,418.134196
"layer_norm_(1,128,1024,384)",sub,reduce-window.7,1095.12991
"layer_norm_(1,128,1024,384)",sub,copy,417.98134
"layer_norm_(1,128,1024,384)",sub,reduce-window.7,1095.128572
"layer_norm_(1,128,1024,384)",sub,copy,417.605625
"layer_norm_(1,128,1024,384)",sub,reduce-window.7,1095.137142
"layer_norm_(1,128,1024,512)",main,jit_kernel_with_params(16882158715519127009),1466.581429
"layer_norm_(1,128,1024,512)",main,jit_kernel_with_params(16882158715519127009),1466.722858
"layer_norm_(1,128,1024,512)",main,jit_kernel_with_params(16882158715519127009),1466.617143
"layer_norm_(1,128,1024,512)",sub,reduce-window.7,1466.504285
"layer_norm_(1,128,1024,512)",sub,reduce-window.7,1466.645625
"layer_norm_(1,128,1024,512)",sub,reduce-window.7,1466.538661
"layer_norm_(1,128,1024,640)",main,jit_kernel_with_params(13890096191068837924),2560.32
"layer_norm_(1,128,1024,640)",main,jit_kernel_with_params(13890096191068837924),2559.462857
"layer_norm_(1,128,1024,640)",main,jit_kernel_with_params(13890096191068837924),2559.167143
"layer_norm_(1,128,1024,640)",sub,copy,718.68
"layer_norm_(1,128,1024,640)",sub,reduce-window.7,1841.445715
"layer_norm_(1,128,1024,640)",sub,copy,718.171428
"layer_norm_(1,128,1024,640)",sub,reduce-window.7,1841.211428
"layer_norm_(1,128,1024,640)",sub,copy,718.175804
"layer_norm_(1,128,1024,640)",sub,reduce-window.7,1840.911428
"layer_norm_(1,128,1024,768)",main,jit_kernel_with_params(1413431235403948877),3694.822857
"layer_norm_(1,128,1024,768)",main,jit_kernel_with_params(1413431235403948877),3694.799911
"layer_norm_(1,128,1024,768)",main,jit_kernel_with_params(1413431235403948877),3694.815625
"layer_norm_(1,128,1024,768)",sub,reduce-window.7,3694.744375
"layer_norm_(1,128,1024,768)",sub,reduce-window.7,3694.720089
"layer_norm_(1,128,1024,768)",sub,reduce-window.7,3694.737143
"layer_norm_(1,128,1024,896)",main,jit_kernel_with_params(3905781645535919014),3675.964285
"layer_norm_(1,128,1024,896)",main,jit_kernel_with_params(3905781645535919014),3676.030089
"layer_norm_(1,128,1024,896)",main,jit_kernel_with_params(3905781645535919014),3676.454286
"layer_norm_(1,128,1024,896)",sub,copy,979.83
"layer_norm_(1,128,1024,896)",sub,reduce-window.7,2696.057054
"layer_norm_(1,128,1024,896)",sub,copy,979.88
"layer_norm_(1,128,1024,896)",sub,reduce-window.7,2696.071428
"layer_norm_(1,128,1024,896)",sub,copy,980.258661
"layer_norm_(1,128,1024,896)",sub,reduce-window.7,2696.115804
"layer_norm_(1,128,1024,1024)",main,jit_kernel_with_params(1729361913878077159),2926.144286
"layer_norm_(1,128,1024,1024)",main,jit_kernel_with_params(1729361913878077159),2925.969911
"layer_norm_(1,128,1024,1024)",main,jit_kernel_with_params(1729361913878077159),2925.898483
"layer_norm_(1,128,1024,1024)",sub,reduce-window.7,2926.065714
"layer_norm_(1,128,1024,1024)",sub,reduce-window.7,2925.891429
"layer_norm_(1,128,1024,1024)",sub,reduce-window.7,2925.82
"layer_norm_(1,192,128,128)",main,jit_kernel_with_params(2033810244396948651),102.651429
"layer_norm_(1,192,128,128)",main,jit_kernel_with_params(2033810244396948651),102.61
"layer_norm_(1,192,128,128)",main,jit_kernel_with_params(2033810244396948651),102.675625
"layer_norm_(1,192,128,128)",sub,copy,36.402768
"layer_norm_(1,192,128,128)",sub,reduce-window.7,66.171339
"layer_norm_(1,192,128,128)",sub,copy,36.341339
"layer_norm_(1,192,128,128)",sub,reduce-window.7,66.188661
"layer_norm_(1,192,128,128)",sub,copy,36.420089
"layer_norm_(1,192,128,128)",sub,reduce-window.7,66.175715
"layer_norm_(1,192,128,256)",main,jit_kernel_with_params(17042274852953812927),146.532857
"layer_norm_(1,192,128,256)",main,jit_kernel_with_params(17042274852953812927),146.707143
"layer_norm_(1,192,128,256)",main,jit_kernel_with_params(17042274852953812927),146.751339
"layer_norm_(1,192,128,256)",sub,reduce-window.7,146.455714
"layer_norm_(1,192,128,256)",sub,reduce-window.7,146.628571
"layer_norm_(1,192,128,256)",sub,reduce-window.7,146.671518
"layer_norm_(1,192,128,384)",main,jit_kernel_with_params(16182242399171707093),235.577232
"layer_norm_(1,192,128,384)",main,jit_kernel_with_params(16182242399171707093),235.682946
"layer_norm_(1,192,128,384)",main,jit_kernel_with_params(16182242399171707093),235.57991
"layer_norm_(1,192,128,384)",sub,reduce-window.7,235.5
"layer_norm_(1,192,128,384)",sub,reduce-window.7,235.605714
"layer_norm_(1,192,128,384)",sub,reduce-window.7,235.500089
"layer_norm_(1,192,128,512)",main,jit_kernel_with_params(4329518182291002477),283.17
"layer_norm_(1,192,128,512)",main,jit_kernel_with_params(4329518182291002477),283.289911
"layer_norm_(1,192,128,512)",main,jit_kernel_with_params(4329518182291002477),283.148483
"layer_norm_(1,192,128,512)",sub,reduce-window.7,283.092857
"layer_norm_(1,192,128,512)",sub,reduce-window.7,283.211429
"layer_norm_(1,192,128,512)",sub,reduce-window.7,283.068661
"layer_norm_(1,192,128,640)",main,jit_kernel_with_params(9388815176956563648),354.35
"layer_norm_(1,192,128,640)",main,jit_kernel_with_params(9388815176956563648),354.115715
"layer_norm_(1,192,128,640)",main,jit_kernel_with_params(9388815176956563648),354.125714
"layer_norm_(1,192,128,640)",sub,reduce-window.7,354.271429
"layer_norm_(1,192,128,640)",sub,reduce-window.7,354.037143
"layer_norm_(1,192,128,640)",sub,reduce-window.7,354.047232
"layer_norm_(1,192,128,768)",main,jit_kernel_with_params(14867621019740916693),417.642768
"layer_norm_(1,192,128,768)",main,jit_kernel_with_params(14867621019740916693),417.431429
"layer_norm_(1,192,128,768)",main,jit_kernel_with_params(14867621019740916693),417.442857
"layer_norm_(1,192,128,768)",sub,reduce-window.7,417.562947
"layer_norm_(1,192,128,768)",sub,reduce-window.7,417.354196
"layer_norm_(1,192,128,768)",sub,reduce-window.7,417.364285
"layer_norm_(1,192,128,896)",main,jit_kernel_with_params(12668986719390616852),482.461518
"layer_norm_(1,192,128,896)",main,jit_kernel_with_params(12668986719390616852),482.205714
"layer_norm_(1,192,128,896)",main,jit_kernel_with_params(12668986719390616852),482.202768
"layer_norm_(1,192,128,896)",sub,reduce-window.7,482.384197
"layer_norm_(1,192,128,896)",sub,reduce-window.7,482.128482
"layer_norm_(1,192,128,896)",sub,reduce-window.7,482.122946
"layer_norm_(1,192,128,1024)",main,jit_kernel_with_params(18291170693190278043),549.585714
"layer_norm_(1,192,128,1024)",main,jit_kernel_with_params(18291170693190278043),549.412767
"layer_norm_(1,192,128,1024)",main,jit_kernel_with_params(18291170693190278043),549.505714
"layer_norm_(1,192,128,1024)",sub,reduce-window.7,549.507232
"layer_norm_(1,192,128,1024)",sub,reduce-window.7,549.334286
"layer_norm_(1,192,128,1024)",sub,reduce-window.7,549.427232
"layer_norm_(1,192,256,128)",main,jit_kernel_with_params(12129175032573356594),201.152857
"layer_norm_(1,192,256,128)",main,jit_kernel_with_params(12129175032573356594),201.305803
"layer_norm_(1,192,256,128)",main,jit_kernel_with_params(12129175032573356594),201.398571
"layer_norm_(1,192,256,128)",sub,copy,54.922858
"layer_norm_(1,192,256,128)",sub,reduce-window.7,146.150089
"layer_norm_(1,192,256,128)",sub,copy,55.087143
"layer_norm_(1,192,256,128)",sub,reduce-window.7,146.141339
"layer_norm_(1,192,256,128)",sub,copy,55.17134
"layer_norm_(1,192,256,128)",sub,reduce-window.7,146.148571
"layer_norm_(1,192,256,256)",main,jit_kernel_with_params(8175797902836778432),286.395625
"layer_norm_(1,192,256,256)",main,jit_kernel_with_params(8175797902836778432),286.46
"layer_norm_(1,192,256,256)",main,jit_kernel_with_params(8175797902836778432),286.341518
"layer_norm_(1,192,256,256)",sub,reduce-window.7,286.317143
"layer_norm_(1,192,256,256)",sub,reduce-window.7,286.382768
"layer_norm_(1,192,256,256)",sub,reduce-window.7,286.264196
"layer_norm_(1,192,256,384)",main,jit_kernel_with_params(2728692019892794021),576.917233
"layer_norm_(1,192,256,384)",main,jit_kernel_with_params(2728692019892794021),576.861429
"layer_norm_(1,192,256,384)",main,jit_kernel_with_params(2728692019892794021),576.788482
"layer_norm_(1,192,256,384)",sub,copy,158.888571
"layer_norm_(1,192,256,384)",sub,reduce-window.7,417.95
"layer_norm_(1,192,256,384)",sub,copy,158.832857
"layer_norm_(1,192,256,384)",sub,reduce-window.7,417.951339
"layer_norm_(1,192,256,384)",sub,copy,158.757232
"layer_norm_(1,192,256,384)",sub,reduce-window.7,417.950089
"layer_norm_(1,192,256,512)",main,jit_kernel_with_params(11821862623370965306),549.035804
"layer_norm_(1,192,256,512)",main,jit_kernel_with_params(11821862623370965306),548.78
"layer_norm_(1,192,256,512)",main,jit_kernel_with_params(11821862623370965306),548.78
"layer_norm_(1,192,256,512)",sub,reduce-window.7,548.958482
"layer_norm_(1,192,256,512)",sub,reduce-window.7,548.702768
"layer_norm_(1,192,256,512)",sub,reduce-window.7,548.701518
"layer_norm_(1,192,256,640)",main,jit_kernel_with_params(1641520045947210572),937.741428
"layer_norm_(1,192,256,640)",main,jit_kernel_with_params(1641520045947210572),937.78009
"layer_norm_(1,192,256,640)",main,jit_kernel_with_params(1641520045947210572),937.867053
"layer_norm_(1,192,256,640)",sub,copy,262.697143
"layer_norm_(1,192,256,640)",sub,reduce-window.7,674.965715
"layer_norm_(1,192,256,640)",sub,copy,262.74
"layer_norm_(1,192,256,640)",sub,reduce-window.7,674.961429
"layer_norm_(1,192,256,640)",sub,copy,262.831429
"layer_norm_(1,192,256,640)",sub,reduce-window.7,674.957054
"layer_norm_(1,192,256,768)",main,jit_kernel_with_params(3469459537299673585),824.147232
"layer_norm_(1,192,256,768)",main,jit_kernel_with_params(3469459537299673585),823.812857
"layer_norm_(1,192,256,768)",main,jit_kernel_with_params(3469459537299673585),824.054375
"layer_norm_(1,192,256,768)",sub,reduce-window.7,824.069911
"layer_norm_(1,192,256,768)",sub,reduce-window.7,823.734286
"layer_norm_(1,192,256,768)",sub,reduce-window.7,823.977142
"layer_norm_(1,192,256,896)",main,jit_kernel_with_params(10533504544492306812),1320.84
"layer_norm_(1,192,256,896)",main,jit_kernel_with_params(10533504544492306812),1320.651518
"layer_norm_(1,192,256,896)",main,jit_kernel_with_params(10533504544492306812),1320.655625
"layer_norm_(1,192,256,896)",sub,copy,366.471428
"layer_norm_(1,192,256,896)",sub,reduce-window.7,954.288661
"layer_norm_(1,192,256,896)",sub,copy,366.285714
"layer_norm_(1,192,256,896)",sub,reduce-window.7,954.287143
"layer_norm_(1,192,256,896)",sub,copy,366.285714
"layer_norm_(1,192,256,896)",sub,reduce-window.7,954.291339
"layer_norm_(1,192,256,1024)",main,jit_kernel_with_params(1872802382980444771),1098.07
"layer_norm_(1,192,256,1024)",main,jit_kernel_with_params(1872802382980444771),1098.074286
"layer_norm_(1,192,256,1024)",main,jit_kernel_with_params(1872802382980444771),1098.415803
"layer_norm_(1,192,256,1024)",sub,reduce-window.7,1097.991429
"layer_norm_(1,192,256,1024)",sub,reduce-window.7,1097.997053
"layer_norm_(1,192,256,1024)",sub,reduce-window.7,1098.338482
"layer_norm_(1,192,384,128)",main,jit_kernel_with_params(182092983027516418),316.232768
"layer_norm_(1,192,384,128)",main,jit_kernel_with_params(182092983027516418),316.388572
"layer_norm_(1,192,384,128)",main,jit_kernel_with_params(182092983027516418),316.072857
"layer_norm_(1,192,384,128)",sub,copy,80.925714
"layer_norm_(1,192,384,128)",sub,reduce-window.7,235.228482
"layer_norm_(1,192,384,128)",sub,copy,81.084286
"layer_norm_(1,192,384,128)",sub,reduce-window.7,235.224286
"layer_norm_(1,192,384,128)",sub,copy,80.771429
"layer_norm_(1,192,384,128)",sub,reduce-window.7,235.221518
"layer_norm_(1,192,384,256)",main,jit_kernel_with_params(16132607097201228801),418.357143
"layer_norm_(1,192,384,256)",main,jit_kernel_with_params(16132607097201228801),418.352946
"layer_norm_(1,192,384,256)",main,jit_kernel_with_params(16132607097201228801),418.357232
"layer_norm_(1,192,384,256)",sub,reduce-window.7,418.278571
"layer_norm_(1,192,384,256)",sub,reduce-window.7,418.275625
"layer_norm_(1,192,384,256)",sub,reduce-window.7,418.28
"layer_norm_(1,192,384,384)",main,jit_kernel_with_params(4581263794320852650),647.228572
"layer_norm_(1,192,384,384)",main,jit_kernel_with_params(4581263794320852650),647.231518
"layer_norm_(1,192,384,384)",main,jit_kernel_with_params(4581263794320852650),647.235714
"layer_norm_(1,192,384,384)",sub,reduce-window.7,647.15009
"layer_norm_(1,192,384,384)",sub,reduce-window.7,647.154286
"layer_norm_(1,192,384,384)",sub,reduce-window.7,647.158571
"layer_norm_(1,192,384,512)",main,jit_kernel_with_params(11380088652584342066),825.79
"layer_norm_(1,192,384,512)",main,jit_kernel_with_params(11380088652584342066),825.788572
"layer_norm_(1,192,384,512)",main,jit_kernel_with_params(11380088652584342066),825.79
"layer_norm_(1,192,384,512)",sub,reduce-window.7,825.711429
"layer_norm_(1,192,384,512)",sub,reduce-window.7,825.711339
"layer_norm_(1,192,384,512)",sub,reduce-window.7,825.712858
"layer_norm_(1,192,384,640)",main,jit_kernel_with_params(12549466325981951424),1068.865715
"layer_norm_(1,192,384,640)",main,jit_kernel_with_params(12549466325981951424),1068.934286
"layer_norm_(1,192,384,640)",main,jit_kernel_with_params(12549466325981951424),1069.142857
"layer_norm_(1,192,384,640)",sub,reduce-window.7,1068.788482
"layer_norm_(1,192,384,640)",sub,reduce-window.7,1068.855804
"layer_norm_(1,192,384,640)",sub,reduce-window.7,1069.064375
"layer_norm_(1,192,384,768)",main,jit_kernel_with_params(8347872540950014275),1222.272857
"layer_norm_(1,192,384,768)",main,jit_kernel_with_params(8347872540950014275),1222.262946
"layer_norm_(1,192,384,768)",main,jit_kernel_with_params(8347872540950014275),1222.271518
"layer_norm_(1,192,384,768)",sub,reduce-window.7,1222.194286
"layer_norm_(1,192,384,768)",sub,reduce-window.7,1222.185714
"layer_norm_(1,192,384,768)",sub,reduce-window.7,1222.194286
"layer_norm_(1,192,384,896)",main,jit_kernel_with_params(12876365258319249400),1477.994286
"layer_norm_(1,192,384,896)",main,jit_kernel_with_params(12876365258319249400),1477.890089
"layer_norm_(1,192,384,896)",main,jit_kernel_with_params(12876365258319249400),1478.161429
"layer_norm_(1,192,384,896)",sub,reduce-window.7,1477.915714
"layer_norm_(1,192,384,896)",sub,reduce-window.7,1477.812768
"layer_norm_(1,192,384,896)",sub,reduce-window.7,1478.082857
"layer_norm_(1,192,384,1024)",main,jit_kernel_with_params(13953330020689845392),1642.724285
"layer_norm_(1,192,384,1024)",main,jit_kernel_with_params(13953330020689845392),1643.157232
"layer_norm_(1,192,384,1024)",main,jit_kernel_with_params(13953330020689845392),1642.711428
"layer_norm_(1,192,384,1024)",sub,reduce-window.7,1642.647143
"layer_norm_(1,192,384,1024)",sub,reduce-window.7,1643.08
"layer_norm_(1,192,384,1024)",sub,reduce-window.7,1642.632946
"layer_norm_(1,192,512,128)",main,jit_kernel_with_params(13396060715120468846),389.575625
"layer_norm_(1,192,512,128)",main,jit_kernel_with_params(13396060715120468846),389.605715
"layer_norm_(1,192,512,128)",main,jit_kernel_with_params(13396060715120468846),389.617143
"layer_norm_(1,192,512,128)",sub,copy,106.704286
"layer_norm_(1,192,512,128)",sub,reduce-window.7,282.791429
"layer_norm_(1,192,512,128)",sub,copy,106.735625
"layer_norm_(1,192,512,128)",sub,reduce-window.7,282.791429
"layer_norm_(1,192,512,128)",sub,copy,106.759911
"layer_norm_(1,192,512,128)",sub,reduce-window.7,282.779911
"layer_norm_(1,192,512,256)",main,jit_kernel_with_params(9941875889366194586),544.284375
"layer_norm_(1,192,512,256)",main,jit_kernel_with_params(9941875889366194586),544.484286
"layer_norm_(1,192,512,256)",main,jit_kernel_with_params(9941875889366194586),544.315625
"layer_norm_(1,192,512,256)",sub,reduce-window.7,544.207053
"layer_norm_(1,192,512,256)",sub,reduce-window.7,544.405714
"layer_norm_(1,192,512,256)",sub,reduce-window.7,544.237143
"layer_norm_(1,192,512,384)",main,jit_kernel_with_params(5601339017135556385),1139.341429
"layer_norm_(1,192,512,384)",main,jit_kernel_with_params(5601339017135556385),1139.777143
"layer_norm_(1,192,512,384)",main,jit_kernel_with_params(5601339017135556385),1139.782858
"layer_norm_(1,192,512,384)",sub,copy,313.948482
"layer_norm_(1,192,512,384)",sub,reduce-window.7,825.314286
"layer_norm_(1,192,512,384)",sub,copy,314.385714
"layer_norm_(1,192,512,384)",sub,reduce-window.7,825.312768
"layer_norm_(1,192,512,384)",sub,copy,314.379911
"layer_norm_(1,192,512,384)",sub,reduce-window.7,825.325625
"layer_norm_(1,192,512,512)",main,jit_kernel_with_params(11869750777631317488),1096.234285
"layer_norm_(1,192,512,512)",main,jit_kernel_with_params(11869750777631317488),1096.591339
"layer_norm_(1,192,512,512)",main,jit_kernel_with_params(11869750777631317488),1096.608482
"layer_norm_(1,192,512,512)",sub,reduce-window.7,1096.155714
"layer_norm_(1,192,512,512)",sub,reduce-window.7,1096.511518
"layer_norm_(1,192,512,512)",sub,reduce-window.7,1096.528661
"layer_norm_(1,192,512,640)",main,jit_kernel_with_params(12451088532425678232),1890.23
"layer_norm_(1,192,512,640)",main,jit_kernel_with_params(12451088532425678232),1890.338483
"layer_norm_(1,192,512,640)",main,jit_kernel_with_params(12451088532425678232),1890.267143
"layer_norm_(1,192,512,640)",sub,copy,521.928482
"layer_norm_(1,192,512,640)",sub,reduce-window.7,1368.222857
"layer_norm_(1,192,512,640)",sub,copy,522.020089
"layer_norm_(1,192,512,640)",sub,reduce-window.7,1368.238572
"layer_norm_(1,192,512,640)",sub,copy,521.965625
"layer_norm_(1,192,512,640)",sub,reduce-window.7,1368.222857
"layer_norm_(1,192,512,768)",main,jit_kernel_with_params(7495591657676284008),1643.425714
"layer_norm_(1,192,512,768)",main,jit_kernel_with_params(7495591657676284008),1643.134286
"layer_norm_(1,192,512,768)",main,jit_kernel_with_params(7495591657676284008),1643.502768
"layer_norm_(1,192,512,768)",sub,reduce-window.7,1643.348482
"layer_norm_(1,192,512,768)",sub,reduce-window.7,1643.057054
"layer_norm_(1,192,512,768)",sub,reduce-window.7,1643.422947
"layer_norm_(1,192,512,896)",main,jit_kernel_with_params(8775178819155390644),2647.57134
"layer_norm_(1,192,512,896)",main,jit_kernel_with_params(8775178819155390644),2648.029911
"layer_norm_(1,192,512,896)",main,jit_kernel_with_params(8775178819155390644),2647.53
"layer_norm_(1,192,512,896)",sub,copy,730.191428
"layer_norm_(1,192,512,896)",sub,reduce-window.7,1917.3
"layer_norm_(1,192,512,896)",sub,copy,730.555714
"layer_norm_(1,192,512,896)",sub,reduce-window.7,1917.394285
"layer_norm_(1,192,512,896)",sub,copy,730.165714
"layer_norm_(1,192,512,896)",sub,reduce-window.7,1917.284375
"layer_norm_(1,192,512,1024)",main,jit_kernel_with_params(9281479476286414560),2198.197232
"layer_norm_(1,192,512,1024)",main,jit_kernel_with_params(9281479476286414560),2198.34
"layer_norm_(1,192,512,1024)",main,jit_kernel_with_params(9281479476286414560),2198.685714
"layer_norm_(1,192,512,1024)",sub,reduce-window.7,2198.12
"layer_norm_(1,192,512,1024)",sub,reduce-window.7,2198.262767
"layer_norm_(1,192,512,1024)",sub,reduce-window.7,2198.607143
"layer_norm_(1,192,640,128)",main,jit_kernel_with_params(9196474444875877244),486.571517
"layer_norm_(1,192,640,128)",main,jit_kernel_with_params(9196474444875877244),486.681518
"layer_norm_(1,192,640,128)",main,jit_kernel_with_params(9196474444875877244),486.989911
"layer_norm_(1,192,640,128)",sub,copy,132.724375
"layer_norm_(1,192,640,128)",sub,reduce-window.7,353.768571
"layer_norm_(1,192,640,128)",sub,copy,132.834196
"layer_norm_(1,192,640,128)",sub,reduce-window.7,353.769911
"layer_norm_(1,192,640,128)",sub,copy,133.142857
"layer_norm_(1,192,640,128)",sub,reduce-window.7,353.768482
"layer_norm_(1,192,640,256)",main,jit_kernel_with_params(12893002933097315149),675.44
"layer_norm_(1,192,640,256)",main,jit_kernel_with_params(12893002933097315149),675.449911
"layer_norm_(1,192,640,256)",main,jit_kernel_with_params(12893002933097315149),675.448482
"layer_norm_(1,192,640,256)",sub,reduce-window.7,675.361517
"layer_norm_(1,192,640,256)",sub,reduce-window.7,675.371428
"layer_norm_(1,192,640,256)",sub,reduce-window.7,675.36866
"layer_norm_(1,192,640,384)",main,jit_kernel_with_params(6795381083046146665),1460.431428
"layer_norm_(1,192,640,384)",main,jit_kernel_with_params(6795381083046146665),1460.438482
"layer_norm_(1,192,640,384)",main,jit_kernel_with_params(6795381083046146665),1460.751429
"layer_norm_(1,192,640,384)",sub,copy,392.105625
"layer_norm_(1,192,640,384)",sub,reduce-window.7,1068.248483
"layer_norm_(1,192,640,384)",sub,copy,392.102946
"layer_norm_(1,192,640,384)",sub,reduce-window.7,1068.255714
"layer_norm_(1,192,640,384)",sub,copy,392.421428
"layer_norm_(1,192,640,384)",sub,reduce-window.7,1068.25
"layer_norm_(1,192,640,512)",main,jit_kernel_with_params(15228413979483002819),1368.842857
"layer_norm_(1,192,640,512)",main,jit_kernel_with_params(15228413979483002819),1369.107053
"layer_norm_(1,192,640,512)",main,jit_kernel_with_params(15228413979483002819),1368.817232
"layer_norm_(1,192,640,512)",sub,reduce-window.7,1368.764286
"layer_norm_(1,192,640,512)",sub,reduce-window.7,1369.028572
"layer_norm_(1,192,640,512)",sub,reduce-window.7,1368.74
"layer_norm_(1,192,640,640)",main,jit_kernel_with_params(12680224707237593377),1793.125804
"layer_norm_(1,192,640,640)",main,jit_kernel_with_params(12680224707237593377),1793.12991
"layer_norm_(1,192,640,640)",main,jit_kernel_with_params(12680224707237593377),1793.128482
"layer_norm_(1,192,640,640)",sub,reduce-window.7,1793.048571
"layer_norm_(1,192,640,640)",sub,reduce-window.7,1793.051429
"layer_norm_(1,192,640,640)",sub,reduce-window.7,1793.048661
"layer_norm_(1,192,640,768)",main,jit_kernel_with_params(6717985128939921542),2055.462768
"layer_norm_(1,192,640,768)",main,jit_kernel_with_params(6717985128939921542),2055.57991
"layer_norm_(1,192,640,768)",main,jit_kernel_with_params(6717985128939921542),2055.298482
"layer_norm_(1,192,640,768)",sub,reduce-window.7,2055.382946
"layer_norm_(1,192,640,768)",sub,reduce-window.7,2055.500089
"layer_norm_(1,192,640,768)",sub,reduce-window.7,2055.22
"layer_norm_(1,192,640,896)",main,jit_kernel_with_params(9527398030899629457),2490.728482
"layer_norm_(1,192,640,896)",main,jit_kernel_with_params(9527398030899629457),2491.024285
"layer_norm_(1,192,640,896)",main,jit_kernel_with_params(9527398030899629457),2491.145803
"layer_norm_(1,192,640,896)",sub,reduce-window.7,2490.648661
"layer_norm_(1,192,640,896)",sub,reduce-window.7,2490.945714
"layer_norm_(1,192,640,896)",sub,reduce-window.7,2491.068571
"layer_norm_(1,192,640,1024)",main,jit_kernel_with_params(8912725052623805347),2760.227054
"layer_norm_(1,192,640,1024)",main,jit_kernel_with_params(8912725052623805347),2760.288572
"layer_norm_(1,192,640,1024)",main,jit_kernel_with_params(8912725052623805347),2760.621339
"layer_norm_(1,192,640,1024)",sub,reduce-window.7,2760.148571
"layer_norm_(1,192,640,1024)",sub,reduce-window.7,2760.211339
"layer_norm_(1,192,640,1024)",sub,reduce-window.7,2760.542857
"layer_norm_(1,192,768,128)",main,jit_kernel_with_params(11563737806223001479),575.62
"layer_norm_(1,192,768,128)",main,jit_kernel_with_params(11563737806223001479),575.641429
"layer_norm_(1,192,768,128)",main,jit_kernel_with_params(11563737806223001479),575.628572
"layer_norm_(1,192,768,128)",sub,copy,158.505625
"layer_norm_(1,192,768,128)",sub,reduce-window.7,417.037053
"layer_norm_(1,192,768,128)",sub,copy,158.524375
"layer_norm_(1,192,768,128)",sub,reduce-window.7,417.038572
"layer_norm_(1,192,768,128)",sub,copy,158.512768
"layer_norm_(1,192,768,128)",sub,reduce-window.7,417.037143
"layer_norm_(1,192,768,256)",main,jit_kernel_with_params(6115555395080194021),811.341428
"layer_norm_(1,192,768,256)",main,jit_kernel_with_params(6115555395080194021),811.34
"layer_norm_(1,192,768,256)",main,jit_kernel_with_params(6115555395080194021),811.349911
"layer_norm_(1,192,768,256)",sub,reduce-window.7,811.264286
"layer_norm_(1,192,768,256)",sub,reduce-window.7,811.262768
"layer_norm_(1,192,768,256)",sub,reduce-window.7,811.271428
"layer_norm_(1,192,768,384)",main,jit_kernel_with_params(5199281243067788854),1691.758571
"layer_norm_(1,192,768,384)",main,jit_kernel_with_params(5199281243067788854),1692.174286
"layer_norm_(1,192,768,384)",main,jit_kernel_with_params(5199281243067788854),1691.761518
"layer_norm_(1,192,768,384)",sub,copy,469.975803
"layer_norm_(1,192,768,384)",sub,reduce-window.7,1221.704285
"layer_norm_(1,192,768,384)",sub,copy,470.381429
"layer_norm_(1,192,768,384)",sub,reduce-window.7,1221.714286
"layer_norm_(1,192,768,384)",sub,copy,469.97991
"layer_norm_(1,192,768,384)",sub,reduce-window.7,1221.704196
"layer_norm_(1,192,768,512)",main,jit_kernel_with_params(5729508525202901471),1639.987143
"layer_norm_(1,192,768,512)",main,jit_kernel_with_params(5729508525202901471),1639.792947
"layer_norm_(1,192,768,512)",main,jit_kernel_with_params(5729508525202901471),1639.792768
"layer_norm_(1,192,768,512)",sub,reduce-window.7,1639.91
"layer_norm_(1,192,768,512)",sub,reduce-window.7,1639.715625
"layer_norm_(1,192,768,512)",sub,reduce-window.7,1639.714285
"layer_norm_(1,192,768,640)",main,jit_kernel_with_params(493493079084591021),2837.904286
"layer_norm_(1,192,768,640)",main,jit_kernel_with_params(493493079084591021),2837.460089
"layer_norm_(1,192,768,640)",main,jit_kernel_with_params(493493079084591021),2837.817054
"layer_norm_(1,192,768,640)",sub,copy,782.094196
"layer_norm_(1,192,768,640)",sub,reduce-window.7,2055.731429
"layer_norm_(1,192,768,640)",sub,copy,782.142857
"layer_norm_(1,192,768,640)",sub,reduce-window.7,2055.238572
"layer_norm_(1,192,768,640)",sub,copy,782.165714
"layer_norm_(1,192,768,640)",sub,reduce-window.7,2055.571429
"layer_norm_(1,192,768,768)",main,jit_kernel_with_params(16269417253259210671),2482.504375
"layer_norm_(1,192,768,768)",main,jit_kernel_with_params(16269417253259210671),2482.768482
"layer_norm_(1,192,768,768)",main,jit_kernel_with_params(16269417253259210671),2482.768571
"layer_norm_(1,192,768,768)",sub,reduce-window.7,2482.427054
"layer_norm_(1,192,768,768)",sub,reduce-window.7,2482.688661
"layer_norm_(1,192,768,768)",sub,reduce-window.7,2482.690089
"layer_norm_(1,192,768,896)",main,jit_kernel_with_params(18023164314178744004),6132.22
"layer_norm_(1,192,768,896)",main,jit_kernel_with_params(18023164314178744004),6132.258661
"layer_norm_(1,192,768,896)",main,jit_kernel_with_params(18023164314178744004),6132.48009
"layer_norm_(1,192,768,896)",sub,copy,1093.364286
"layer_norm_(1,192,768,896)",sub,reduce-window.7,5038.775714
"layer_norm_(1,192,768,896)",sub,copy,1093.402768
"layer_norm_(1,192,768,896)",sub,reduce-window.7,5038.778482
"layer_norm_(1,192,768,896)",sub,copy,1093.368572
"layer_norm_(1,192,768,896)",sub,reduce-window.7,5039.032858
"layer_norm_(1,192,768,1024)",main,jit_kernel_with_params(8566317402654609554),3307.11
"layer_norm_(1,192,768,1024)",main,jit_kernel_with_params(8566317402654609554),3307.075625
"layer_norm_(1,192,768,1024)",main,jit_kernel_with_params(8566317402654609554),3307.142857
"layer_norm_(1,192,768,1024)",sub,reduce-window.7,3307.031428
"layer_norm_(1,192,768,1024)",sub,reduce-window.7,3306.997142
"layer_norm_(1,192,768,1024)",sub,reduce-window.7,3307.065625
"layer_norm_(1,192,896,128)",main,jit_kernel_with_params(17007551735278620062),666.712857
"layer_norm_(1,192,896,128)",main,jit_kernel_with_params(17007551735278620062),666.857054
"layer_norm_(1,192,896,128)",main,jit_kernel_with_params(17007551735278620062),666.565715
"layer_norm_(1,192,896,128)",sub,copy,184.822857
"layer_norm_(1,192,896,128)",sub,reduce-window.7,481.810089
"layer_norm_(1,192,896,128)",sub,copy,184.967143
"layer_norm_(1,192,896,128)",sub,reduce-window.7,481.808661
"layer_norm_(1,192,896,128)",sub,copy,184.678482
"layer_norm_(1,192,896,128)",sub,reduce-window.7,481.808572
"layer_norm_(1,192,896,256)",main,jit_kernel_with_params(4673582582229966073),954.782857
"layer_norm_(1,192,896,256)",main,jit_kernel_with_params(4673582582229966073),954.782768
"layer_norm_(1,192,896,256)",main,jit_kernel_with_params(4673582582229966073),954.791428
"layer_norm_(1,192,896,256)",sub,reduce-window.7,954.705625
"layer_norm_(1,192,896,256)",sub,reduce-window.7,954.702947
"layer_norm_(1,192,896,256)",sub,reduce-window.7,954.712857
"layer_norm_(1,192,896,384)",main,jit_kernel_with_params(6661154962569718911),2025.285804
"layer_norm_(1,192,896,384)",main,jit_kernel_with_params(6661154962569718911),2025.537143
"layer_norm_(1,192,896,384)",main,jit_kernel_with_params(6661154962569718911),2025.11866
"layer_norm_(1,192,896,384)",sub,copy,547.951429
"layer_norm_(1,192,896,384)",sub,reduce-window.7,1477.255715
"layer_norm_(1,192,896,384)",sub,copy,548.200089
"layer_norm_(1,192,896,384)",sub,reduce-window.7,1477.257143
"layer_norm_(1,192,896,384)",sub,copy,547.784196
"layer_norm_(1,192,896,384)",sub,reduce-window.7,1477.255714
"layer_norm_(1,192,896,512)",main,jit_kernel_with_params(12171911399990676344),1917.342858
"layer_norm_(1,192,896,512)",main,jit_kernel_with_params(12171911399990676344),1917.49134
"layer_norm_(1,192,896,512)",main,jit_kernel_with_params(12171911399990676344),1917.34866
"layer_norm_(1,192,896,512)",sub,reduce-window.7,1917.264375
"layer_norm_(1,192,896,512)",sub,reduce-window.7,1917.411518
"layer_norm_(1,192,896,512)",sub,reduce-window.7,1917.271428
"layer_norm_(1,192,896,640)",main,jit_kernel_with_params(17643741502406630435),3401.408661
"layer_norm_(1,192,896,640)",main,jit_kernel_with_params(17643741502406630435),3401.184285
"layer_norm_(1,192,896,640)",main,jit_kernel_with_params(17643741502406630435),3400.96
"layer_norm_(1,192,896,640)",sub,copy,910.487143
"layer_norm_(1,192,896,640)",sub,reduce-window.7,2490.844197
"layer_norm_(1,192,896,640)",sub,copy,910.418661
"layer_norm_(1,192,896,640)",sub,reduce-window.7,2490.687143
"layer_norm_(1,192,896,640)",sub,copy,910.227143
"layer_norm_(1,192,896,640)",sub,reduce-window.7,2490.652857
"layer_norm_(1,192,896,768)",main,jit_kernel_with_params(3833277511036861196),5039.272946
"layer_norm_(1,192,896,768)",main,jit_kernel_with_params(3833277511036861196),5039.201428
"layer_norm_(1,192,896,768)",main,jit_kernel_with_params(3833277511036861196),5038.872768
"layer_norm_(1,192,896,768)",sub,reduce-window.7,5039.195625
"layer_norm_(1,192,896,768)",sub,reduce-window.7,5039.124286
"layer_norm_(1,192,896,768)",sub,reduce-window.7,5038.794286
"layer_norm_(1,192,896,896)",main,jit_kernel_with_params(9523370534752690898),4948.545714
"layer_norm_(1,192,896,896)",main,jit_kernel_with_params(9523370534752690898),4948.578571
"layer_norm_(1,192,896,896)",main,jit_kernel_with_params(9523370534752690898),4948.285714
"layer_norm_(1,192,896,896)",sub,reduce-window.7,4948.468482
"layer_norm_(1,192,896,896)",sub,reduce-window.7,4948.501428
"layer_norm_(1,192,896,896)",sub,reduce-window.7,4948.207143
"layer_norm_(1,192,896,1024)",main,jit_kernel_with_params(2687258452032309337),4043.482857
"layer_norm_(1,192,896,1024)",main,jit_kernel_with_params(2687258452032309337),4043.484197
"layer_norm_(1,192,896,1024)",main,jit_kernel_with_params(2687258452032309337),4043.492857
"layer_norm_(1,192,896,1024)",sub,reduce-window.7,4043.404286
"layer_norm_(1,192,896,1024)",sub,reduce-window.7,4043.405714
"layer_norm_(1,192,896,1024)",sub,reduce-window.7,4043.414286
"layer_norm_(1,192,1024,128)",main,jit_kernel_with_params(1585940583516418746),759.2
"layer_norm_(1,192,1024,128)",main,jit_kernel_with_params(1585940583516418746),759.584285
"layer_norm_(1,192,1024,128)",main,jit_kernel_with_params(1585940583516418746),759.194285
"layer_norm_(1,192,1024,128)",sub,copy,210.372946
"layer_norm_(1,192,1024,128)",sub,reduce-window.7,548.747232
"layer_norm_(1,192,1024,128)",sub,copy,210.758571
"layer_norm_(1,192,1024,128)",sub,reduce-window.7,548.748482
"layer_norm_(1,192,1024,128)",sub,copy,210.367143
"layer_norm_(1,192,1024,128)",sub,reduce-window.7,548.748571
"layer_norm_(1,192,1024,256)",main,jit_kernel_with_params(991340839516140377),1082.317143
"layer_norm_(1,192,1024,256)",main,jit_kernel_with_params(991340839516140377),1082.652768
"layer_norm_(1,192,1024,256)",main,jit_kernel_with_params(991340839516140377),1082.324286
"layer_norm_(1,192,1024,256)",sub,reduce-window.7,1082.238661
"layer_norm_(1,192,1024,256)",sub,reduce-window.7,1082.574285
"layer_norm_(1,192,1024,256)",sub,reduce-window.7,1082.247143
"layer_norm_(1,192,1024,384)",main,jit_kernel_with_params(14928482237965145219),2268.771518
"layer_norm_(1,192,1024,384)",main,jit_kernel_with_params(14928482237965145219),2268.881429
"layer_norm_(1,192,1024,384)",main,jit_kernel_with_params(14928482237965145219),2268.782857
"layer_norm_(1,192,1024,384)",sub,copy,626.034285
"layer_norm_(1,192,1024,384)",sub,reduce-window.7,1642.658571
"layer_norm_(1,192,1024,384)",sub,copy,626.145715
"layer_norm_(1,192,1024,384)",sub,reduce-window.7,1642.657143
"layer_norm_(1,192,1024,384)",sub,copy,625.971429
"layer_norm_(1,192,1024,384)",sub,reduce-window.7,1642.732768
"layer_norm_(1,192,1024,512)",main,jit_kernel_with_params(6172614554389746532),2199.031518
"layer_norm_(1,192,1024,512)",main,jit_kernel_with_params(6172614554389746532),2198.785625
"layer_norm_(1,192,1024,512)",main,jit_kernel_with_params(6172614554389746532),2198.761518
"layer_norm_(1,192,1024,512)",sub,reduce-window.7,2198.954285
"layer_norm_(1,192,1024,512)",sub,reduce-window.7,2198.705803
"layer_norm_(1,192,1024,512)",sub,reduce-window.7,2198.684197
"layer_norm_(1,192,1024,640)",main,jit_kernel_with_params(11344857864063771933),3802.127232
"layer_norm_(1,192,1024,640)",main,jit_kernel_with_params(11344857864063771933),3801.758482
"layer_norm_(1,192,1024,640)",main,jit_kernel_with_params(11344857864063771933),3802.334375
"layer_norm_(1,192,1024,640)",sub,copy,1041.62991
"layer_norm_(1,192,1024,640)",sub,reduce-window.7,2760.302946
"layer_norm_(1,192,1024,640)",sub,copy,1041.534375
"layer_norm_(1,192,1024,640)",sub,reduce-window.7,2760.142857
"layer_norm_(1,192,1024,640)",sub,copy,1041.72
"layer_norm_(1,192,1024,640)",sub,reduce-window.7,2760.534375
"layer_norm_(1,192,1024,768)",main,jit_kernel_with_params(12355223328853228041),5541.49
"layer_norm_(1,192,1024,768)",main,jit_kernel_with_params(12355223328853228041),5541.425804
"layer_norm_(1,192,1024,768)",main,jit_kernel_with_params(12355223328853228041),5541.750089
"layer_norm_(1,192,1024,768)",sub,reduce-window.7,5541.412858
"layer_norm_(1,192,1024,768)",sub,reduce-window.7,5541.348572
"layer_norm_(1,192,1024,768)",sub,reduce-window.7,5541.672768
"layer_norm_(1,192,1024,896)",main,jit_kernel_with_params(1126958592995243440),5500.411339
"layer_norm_(1,192,1024,896)",main,jit_kernel_with_params(1126958592995243440),5500.202857
"layer_norm_(1,192,1024,896)",main,jit_kernel_with_params(1126958592995243440),5500.377232
"layer_norm_(1,192,1024,896)",sub,copy,1456.675715
"layer_norm_(1,192,1024,896)",sub,reduce-window.7,4043.654375
"layer_norm_(1,192,1024,896)",sub,copy,1456.751428
"layer_norm_(1,192,1024,896)",sub,reduce-window.7,4043.372767
"layer_norm_(1,192,1024,896)",sub,copy,1456.452946
"layer_norm_(1,192,1024,896)",sub,reduce-window.7,4043.845714
"layer_norm_(1,192,1024,1024)",main,jit_kernel_with_params(4375750059684969217),4388.032858
"layer_norm_(1,192,1024,1024)",main,jit_kernel_with_params(4375750059684969217),4388.317232
"layer_norm_(1,192,1024,1024)",main,jit_kernel_with_params(4375750059684969217),4388.365714
"layer_norm_(1,192,1024,1024)",sub,reduce-window.7,4387.955714
"layer_norm_(1,192,1024,1024)",sub,reduce-window.7,4388.24
"layer_norm_(1,192,1024,1024)",sub,reduce-window.7,4388.287143
